Catalyst,B.E.
W9Zr3,-1.491717859
Cr9Sn3,-0.121603185
Sc3V9,-2.570685965
Sc3V9,-2.781634327
Cd9Pd3,2.8824223
Cu3Sc9,0.942444239
In9Sc3,0.003356932
Pt9Ti3,-0.251118623
Cr3Nb9,-0.862596923
La9Zn3,0.753463491
Ag9Ni3,1.4047598
Pb12,0.901261306
Hg9La3,1.776883366
Hg9La3,-1.056744568
In3V9,-0.758591748
In3V9,3.192983102
Ag12,1.961799686
Ag12,2.050680501
Ni9Zr3,0.23585535
Ti3W9,-0.974685511
Ag12,3.426808483
Cr9V3,-2.87348336
Cr9V3,-2.739231372
Pt3Ru9,0.521436239
Cr9Pt3,-0.568147572
Cr9Pd3,2.441892036
Au3Cr9,-1.856599251
Ag3Cr9,-1.800181617
Cr9Pd3,-2.100830537
Cr9Cu3,-2.334564079
Cr9Cu3,-1.614427187
Al3Cr9,-0.397038445
Al3Cr9,-1.735029401
Al3Cr9,-1.860474696
Al3Cr9,-1.358409834
Cr9Ga3,-1.706232681
Cr9In3,-1.315309995
Cr9Tl3,-1.272218048
Cr9Tl3,-1.612913145
Cr9In3,-1.692130926
La3Mo9,-1.713566013
Mo9W3,-2.082476459
Mo9W3,-2.244281198
Mo9Re3,-1.826224952
Mo9Re3,-1.860074553
Mo9Tc3,-1.922964007
Mo9Tc3,-1.882366935
Mo9Re3,-1.904553465
Mo9Os3,-1.660774976
Mo9Os3,-1.544850127
Mo9Ru3,-1.392862167
Mo9Os3,-1.818592159
Ir3Mo9,-1.744509847
Ir3Mo9,-1.871801027
Mo9Rh3,-0.807264887
Ir3Mo9,-1.30007611
Mo9Rh3,-1.824438933
Mo9Rh3,1.693175435
Mo9Rh3,-1.963998229
Mo9Rh3,-1.44913871
Mo9Ni3,-1.922453385
Mo9Ni3,-1.444118346
Fe3Mo9,-1.852608157
Fe3Mo9,-0.857780508
Mn3Mo9,-1.85635326
Fe3Mo9,-1.849761166
Fe3Mo9,0.350377452
Mn3Mo9,-0.846077844
Fe3Mo9,-1.747040097
Mn3Mo9,-1.890352524
Mn3Mo9,-0.000286808
Mo9Pt3,-1.91795616
Mo9Pt3,-1.956145976
Mo9Pd3,-0.904639872
Mo9Pd3,2.612903747
Au3Mo9,-0.806332489
Au3Mo9,2.957128433
Ag3Mo9,3.073735743
Ag3Mo9,-0.774689187
Cu3Mo9,-1.299442085
Cu3Mo9,-1.983051232
Mo9Zn3,-1.814325006
Cu3Mo9,-1.974242091
Hg3Mo9,-1.480569083
Hg3Mo9,-1.843937114
In3Mo9,-0.314597748
In3Mo9,3.467873455
In3Mo9,-1.326891432
Mo9Sn3,-1.375338444
La3W9,-2.185538759
W9Zr3,-2.413114229
In3Mo9,-1.619106048
Ti3W9,-2.655684532
Nb3W9,-2.586735511
Cr3W9,-2.31568591
Mo3W9,-1.838248846
Re3W9,-1.754377919
Tc3W9,-2.104859727
Cr3W9,-2.532877244
Tc3W9,-2.032959359
Ta3W9,-2.618359221
Tc3W9,-1.193071561
Tc3W9,-0.283584934
Os3W9,-1.630046793
Os3W9,-1.009277711
Os3W9,-1.890617427
Os3W9,0.264758602
Os3W9,-2.010414184
Ir3W9,-1.950236344
Ir3W9,-1.377452632
Ir3W9,-2.034432175
Rh3W9,-1.008667904
Rh3W9,1.932798473
Ni3W9,-1.955138475
Fe3W9,-1.987086136
Mn3W9,-2.053995664
Fe3W9,-1.860927086
Mn3W9,-2.003926037
Pt3W9,-2.093937077
Pt3W9,-0.98133679
Fe3W9,-2.046527091
Fe3W9,-1.067346668
Mn3W9,-1.978823672
Pt3W9,-2.085436921
Pt3W9,2.622270177
Pd3W9,-2.117606083
Pd3W9,-2.233470795
Au3W9,-0.966901559
Cu3W9,-1.220809213
Cu3W9,-2.065234782
Cu3W9,-2.088695757
Cd3W9,-0.617143165
Cd3W9,-1.612734366
Cd3W9,3.946319108
Al3W9,-1.179411174
Ga3W9,-1.775236941
Ga3W9,-1.772224641
In3W9,-1.493103327
W9Zn3,-1.895361187
In3W9,-1.802172266
W9Zn3,-1.941330466
Tl3W9,-1.434613274
Pb3W9,-1.456243603
Tl3W9,-1.873971679
Pb3W9,-1.776329478
Tl3W9,-0.411283604
Re9Sc3,-1.808892117
Re9Sc3,-1.512409804
Re9Ti3,-1.389258291
Nb3Re9,-1.676739759
Re9W3,-1.493539117
Os3Re9,-1.232937463
Os3Re9,-0.989834361
Ir3Re9,-0.329325093
Ni3Re9,-1.390138308
Ir3Re9,-0.984368274
Ir3Re9,1.846226408
Ni3Re9,-0.577274542
Ir3Re9,-1.326383532
Fe3Re9,-1.296702443
Ir3Re9,-0.65790092
Fe3Re9,-1.056626879
Ni3Re9,-1.054093635
Pt3Re9,-1.469903717
Pd3Re9,-0.211076528
Au3Re9,-0.10333006
Ag3Re9,-0.10008932
Cu3Re9,-0.145556958
Hg3Re9,-1.457463353
Al3Re9,-0.228385009
Al3Re9,2.131789473
Hg3Re9,-0.738273416
In3Re9,-0.688017664
Tc9W3,-1.288528279
Re3Tc9,-1.341719323
Ga3Re9,-1.001713354
Tc9W3,-1.523237758
In3Re9,-1.308735181
Tc9V3,-1.413286624
Re9Sn3,-0.758760595
Tc9V3,-1.694253686
Re9Sn3,-1.140514269
Tc9Y3,-1.753309056
Tc9Zr3,-1.790581985
Tc9Y3,-1.163392104
Tc9Zr3,-1.656484965
Os3Tc9,-1.187750103
Os3Tc9,-1.06626175
Ru3Tc9,-0.128020581
Ru3Tc9,0.760858729
La3Tc9,-1.028334251
Re3Tc9,-1.209941938
Hf3Tc9,-1.807880126
Hf3Tc9,-1.774798022
Cr3Tc9,-1.239606565
Cr3Tc9,-1.555362293
Ga3Tc9,-1.03896329
Tc9Tl3,-0.802802492
Ga3Tc9,-1.186435248
Tc9Tl3,-1.12165025
Al3Ru9,-0.49956332
Al3Ru9,-0.536639647
Ru9Tl3,-0.339048265
Al3Ru9,-0.352445245
Ru9Tl3,-0.551123586
Pb3Ru9,0.99335116
Pb3Ru9,-0.26236985
Os9Sc3,-1.118256718
Pb3Ru9,-0.470301694
Ni3Tc9,-0.620444314
Cd3Tc9,-0.827493557
Au3Tc9,0.145890025
Hg3Tc9,-0.84121585
Cd3Tc9,-1.325036568
Rh3Tc9,-1.036057386
Hg3Tc9,-1.253247359
Rh3Tc9,-1.406820382
Mn3Tc9,-1.301277084
Rh3Tc9,-0.800553471
Mn3Tc9,-1.251037387
Rh3Tc9,-0.131607042
La3Os9,-1.131152737
La3Os9,-0.436334812
Rh3Tc9,1.877042211
Ru9Sn3,-0.409656908
Ru9Zn3,0.300164149
Pb3Tc9,-0.874782589
Pb3Tc9,-1.048344278
Os9Ta3,-0.83546037
Cr3Os9,0.25186993
Cu3Tc9,0.285787559
Hf3Os9,-1.088248956
Os9Ta3,-1.039038529
Cr3Os9,-0.849684985
Hf3Os9,-1.120745335
Os9W3,-0.886310692
Os9Re3,-0.145874106
Os9Re3,-0.618358426
Au12,2.415031951
Cu3Tc9,-1.057254782
Al3Tc9,-1.025757877
Cu3Tc9,-1.371170068
Au12,2.619231618
Al3Tc9,-1.20452905
Al3Tc9,-0.648680479
Fe3Tc9,-1.006642152
Pt3Tc9,-1.363256862
Os9Tc3,-0.404191501
Fe3Tc9,-1.266271952
Os9Tc3,-0.582457359
Fe3Tc9,-1.069531742
Ga3Ru9,-0.488665433
Ga3Ru9,0.432232968
Os9Ti3,-0.940091271
Os9Ti3,-1.109762957
Os9Ru3,-0.410691893
Os9Ru3,-0.152646067
Os9Rh3,-0.108983905
Os9Rh3,-0.590951392
In3Ru9,0.372316766
In3Ru9,-0.398701741
Co3Os9,-0.253550641
In3Ru9,-0.609346832
Au12,3.705461217
Ir9Ni3,0.499044399
Co3Os9,-0.441797498
Co3Os9,0.056792335
Fe3Ir9,0.429132775
Fe3Ir9,0.466883536
Fe3Ir9,0.906982364
Fe3Os9,-0.208720974
Mn3Os9,-0.501571384
Tc9Zn3,-1.047292558
Fe3Os9,1.238008848
Mn3Os9,-0.41474394
Fe3Os9,-0.485732046
Ir9Mn3,1.499308883
Ir9Mn3,0.921829711
Tc9Zn3,-1.333662577
Ir9Pt3,2.510415063
Ag3Os9,3.838859449
Hf3Ir9,-0.33978338
Ga3Os9,-0.39511528
Ru9Ta3,-1.172748467
Os9Sn3,0.6278869
Cd3Os9,4.027982376
Cr3Ir9,-0.081700411
Cr3Ir9,-0.109863377
In3Os9,0.526827766
Mo3Ru9,-1.033856937
Au3Ir9,1.11850026
Cu3Os9,0.500007274
Hg3Os9,-0.352496403
Cu3Os9,3.123322232
Hg3Os9,-0.816541656
Cr3Ru9,-0.511603405
Hg3Os9,4.271663448
Cr3Ru9,-1.064714375
Cu3Ir9,0.928525344
Cu3Ir9,0.383602552
Cu3Ir9,0.328452152
Ir9Zn3,0.993131836
Hg3Ir9,1.544979109
Ru9Tc3,0.221980673
Ru9Tc3,-0.772596903
Os9Pd3,0.660734442
Os9Pd3,3.07781405
Cd3Ir9,1.03885771
Cd3Ir9,0.712302191
Cd3Ir9,0.160701998
Cd3Ir9,4.064088481
Ir9Pd3,1.441419657
Cd3Ir9,1.410920186
Ir9Pd3,0.348800689
Ir9Pd3,3.01686572
Al3Os9,-0.42261769
Al3Os9,-0.639823718
Al3Os9,-0.300012038
Al3Os9,0.442896702
Al3Os9,1.826847276
Os3Ru9,-0.404084424
Fe3Ru9,-0.362965983
Fe3Ru9,-0.535066965
Fe3Ru9,-0.373969858
Ir9Sn3,1.314739236
Ir9Sn3,0.716692068
Rh9Sc3,-0.353890578
Rh9Zr3,-0.582747704
Rh9Zr3,-0.494488125
Hf3Rh9,-0.565597729
Ir9Ru3,0.519533074
Rh9Ti3,-0.620937793
Ir9Ru3,0.560752334
Rh9Ti3,-0.618099237
Ir9Pb3,1.187589147
Cr3Rh9,-0.583270299
Mo3Rh9,-0.850366086
Cr3Rh9,-0.511783272
Re3Rh9,-0.542635675
Rh9Ta3,-0.802604801
Rh9Tc3,-0.175330838
Rh9Ta3,-0.671508789
Rh9Tc3,-0.229717822
Al3Ir9,1.720078242
Rh9Tc3,-0.102785832
Al3Ir9,1.537763602
La3Ru9,-0.470871637
Rh9Ru3,0.505401114
Ir3Rh9,0.782373682
Ni3Rh9,0.475698936
Ir3Rh9,0.561217785
Ni3Rh9,0.538339406
In3Ir9,1.641504146
Fe3Rh9,0.219304298
In3Ir9,3.520677689
Ru9Sc3,-1.046498122
Fe3Rh9,0.443091943
Fe3Rh9,0.256884852
Ru9Sc3,-1.001488588
Mn3Rh9,0.332798354
Mn3Rh9,0.100712597
Pd3Rh9,1.365077167
Ru9Zr3,-1.069209423
Ru9Zr3,-1.089893476
Ga3Ir9,1.136351336
Ga3Ir9,0.540023519
Ga3Ir9,0.85417187
Ag3Rh9,0.870650948
Hg3Rh9,0.389878858
Hg3Rh9,0.375304985
Rh9Sn3,0.779228862
Rh9Sn3,0.907025494
Rh9Sn3,1.110863657
Mn3Ni9,-0.265512221
Mn3Ni9,-0.167488109
Ni9Pt3,0.253939219
Ni9Pt3,0.691614873
Hf3Ru9,-1.083218524
Hf3Ru9,-1.148982044
Ni9Pd3,0.656446608
Ni9Pd3,0.578996887
Au3Ni9,0.212584447
Ru9Ti3,-0.98665403
Au3Ni9,0.039500589
Ag3Ni9,-0.10376068
Ag3Ni9,-0.167076672
Ru9Ti3,-1.174699795
Cu3Ni9,0.418982249
Cu3Ni9,0.027279548
Cu3Ni9,0.073450464
Cd3Ni9,-0.002937197
Ni9Zn3,0.103022435
Cd3Ni9,-0.0870367
In3Ni9,0.719692939
In3Ni9,0.52901352
Ni9Zn3,0.018411086
Ni9Sn3,0.733068695
Ni9Zn3,0.428376979
Ga3Ni9,0.474904636
Ru9Ta3,-0.933870204
Rh9Zn3,0.395051197
Ga3Ni9,0.334809275
Rh9Zn3,0.376103503
Rh9Zn3,0.823604098
Ga3Ni9,0.489928313
Ga12,0.133682726
Al3Ni9,-0.124418474
Al3Ni9,1.633701282
Al3Rh9,0.469443039
Al3Rh9,0.007319862
Cd3Co9,-0.166446729
Co9Hg3,-0.018296526
Al3Rh9,1.455449166
Ga12,0.358015688
Al3Co9,1.710041867
Ga12,1.678557752
Mn3Ru9,-0.569895087
Mn3Ru9,-0.539163639
Co9Zn3,-0.213693038
Co9Zn3,2.988164105
Co9In3,0.314255701
Co9In3,0.067037557
Ga3Rh9,0.645669267
Ga3Rh9,0.614207873
Ga3Rh9,0.794011038
Ag9Bi3,2.415539443
Ag9Co3,0.633356116
Ag9Nb3,2.644934947
Hf12,-3.730901957
Cr9Nb3,-1.002794462
Hf12,-3.325056547
Hf12,-0.749242053
Al9W3,-1.023852264
Al9W3,-0.992841899
In3Rh9,1.548664075
In3Rh9,0.625206035
In3Rh9,0.51595573
Rh9Tl3,0.650226358
Rh9Tl3,0.569259021
Pb3Rh9,0.803197465
Pb3Rh9,0.697998391
Al3Au9,0.302955765
Al3Au9,0.162841221
Au9Sn3,1.621677932
Au9Zn3,1.598630162
Au9Zn3,1.707500324
Au9Ga3,1.114266985
Au9Hg3,4.112371408
Au9Pb3,2.120028305
Au9Ir3,1.25415758
Au9Ir3,1.195283438
La12,-3.004750532
La12,-2.911750049
Bi12,0.936682228
Bi12,1.575983352
Bi12,0.992384339
Cd9Ga3,0.983341316
Al3Cu9,-0.086623767
Cd9Ga3,0.918623802
Al3Cu9,1.233398151
Cd9Pb3,0.810478959
Cu9Ga3,0.67506695
Cu9Ga3,0.719773349
Cu9Hg3,3.813815587
Cu9In3,2.992924872
Cu9Pb3,0.818368356
Cu9Pt3,2.430692783
Cu9Sn3,1.012237629
Cu9Sn3,1.077273109
Al3Fe9,-0.289308984
Al3Fe9,-0.382319399
Al3Fe9,-0.38651798
Cd3Fe9,-0.188101548
Fe9Ga3,0.454399634
Cd9Pb3,0.811353805
Cu9Sn3,1.415836194
Fe9Ga3,-0.096526126
La12,-0.699858561
Cd9Sn3,0.571562465
Fe9Ga3,-0.182544711
Fe9Pb3,0.186741115
Fe9Pb3,0.035971681
Fe9Sn3,0.080339842
Fe9Tl3,0.35795419
Fe9Zn3,0.175473153
Fe9Zn3,-0.374844976
Fe9Zn3,-0.468571731
Fe12,-0.138559006
Cd9Sn3,0.644579996
Ga9Tc3,0.34553886
Cd9Tl3,0.957661661
Ga9Tc3,0.227917517
Ga9Tl3,0.049118725
Ga9Tl3,0.174004419
Hg9In3,1.817649284
Hg9In3,1.908509864
Hg9Pd3,1.870960059
Hg9Tl3,2.139307298
In9Tc3,0.716277094
In9Tc3,0.384301204
Ir9Sn3,1.077209978
Cd9Tl3,1.105369815
Ag3In9,0.742415125
In9Tc3,0.52761159
Al3Pd9,0.468812824
Cd3Pd9,1.587113624
Cd3Pd9,1.724517371
Hg3Pd9,1.59879792
Hg3Pd9,1.699181259
Hg3Pd9,2.001996342
Hg3Pd9,2.931202923
Hg3Pd9,4.079471756
In3Pd9,1.50076061
In3Pd9,1.597194761
Pb3Pd9,1.653913082
Pb3Pd9,1.90448462
Pd9Re3,2.229669229
Pd9Rh3,1.530110537
Pd9Sn3,1.645458096
Pd9Tl3,1.937981561
Pd9Zn3,1.95004083
Pd9Zn3,1.30657759
Ag3Pt9,1.440918968
Al3Pt9,0.529449719
Al3Pt9,0.751655975
Au3Pt9,1.795238397
Cr3Pt9,2.008651974
Ga3Pt9,1.14836176
Ga3Pt9,1.416224501
Hg3Pt9,1.693630953
Pt9Re3,2.70579103
Pt9Ru3,2.441757748
Pt9Sn3,1.39394967
Pt9Sn3,1.807153446
Ag3Co9,3.551670367
Al3Pt9,1.894153682
Au3Pt9,3.818097027
Pt9Zn3,1.153793697
Pt9Zn3,1.469163976
Co9Sn3,2.748276844
Nb3Re9,-1.571846813
Sn12,0.702435888
Sn12,0.488000795
Sn12,1.727745049
Sc3Ta9,-3.299247366
Sc3Ta9,-3.000051262
Sc3Ti9,-3.401660811
Sn3Tl9,0.601201376
Tl12,1.399454261
Tl3Y9,-3.847753081
Al3Zn9,-0.629570604
Re9W3,-0.842943501
Tl12,1.328269825
Tl12,2.323133802
Sn3Zn9,0.207862455
Tl3Zn9,0.029897011
Co12,-0.20143499
Cr9Ru3,-1.729935157
Al9Co3,-1.468027492
Cd9Co3,1.426044409
Mn9Ni3,-1.512671577
Mn9Ni3,-1.426740068
Al9Co3,-1.579055245
Cd9Co3,1.438854712
Al9Co3,-0.909329209
Co3Mo9,-0.774133258
Mn3Re9,-1.271170545
Co3Ti9,-3.579034271
Co3Ti9,-3.398681436
Al9Co3,1.9701612
Co3Mo9,0.945854914
Au9Co3,1.135275398
Au9Co3,1.168075864
Au9Co3,2.546402798
Au9Co3,1.256541297
Co3Cu9,0.829626114
Au9Ni3,1.540797672
Co3Cu9,1.233203454
Co3Cu9,0.179049273
Co3Cu9,0.17685794
Co3Hf9,-3.706723826
Co3Cu9,0.88945796
Co3Hf9,-3.385057377
Co3In9,1.209126821
Co3Ir9,1.062165348
Co3Ir9,0.708659403
Co3Ir9,0.644852246
Co3Ir9,0.608941246
Co3Ir9,1.636411808
Co3Mn9,-1.493819122
Co3Mn9,-1.368031779
Nb12,-2.977393839
Nb12,-2.982999248
Nb12,-0.958595012
Ag3Ir9,0.33599678
Ag3Ir9,0.038693227
Ag9Y3,2.438929125
Ag9Y3,-0.014959458
Pd12,1.359148895
Pd12,1.499089559
Pd12,2.650838321
Ti12,-3.455084921
In12,0.544134614
Pb12,0.905549684
Os3Y9,-3.684883425
Ru3Y9,-3.743443955
Rh3Y9,-3.812580463
La9Pd3,-3.298453882
Ag3La9,-2.999436828
Ti12,-3.254056741
In12,0.727110898
Ti12,-0.985057402
In12,2.195566426
Mo12,-1.927141362
Hf9Os3,-3.653161346
Hf9Pt3,-3.850242106
Mo12,-2.116413272
Mo12,-0.896368563
W12,-1.891232132
Rh3Ti9,-3.442839662
Ta9Ti3,-3.379714149
Re12,-0.715872325
Re12,-1.20893607
Os12,0.286972479
Os12,-0.129969325
Mo9W3,-2.341151683
Os9Zn3,0.429612376
Os12,0.889385986
Ru12,0.046446023
Ru12,-0.376089897
Ru12,1.093764024
Ir12,0.750792558
Ir12,0.907405909
Ir12,1.610636505
Rh12,0.595410113
Rh12,0.598425407
Rh12,1.81037677
Pt12,1.417018665
Pt12,1.803689572
Pt12,2.529101256
Ta12,-3.260459443
Ta12,-3.040309688
Ta12,-0.969851273
Zr12,-3.425847785
Zr12,-3.135682731
Zr12,-0.754873585
W12,-2.133600254
W12,-2.198106472
W12,-1.179627777
Y12,-3.62765802
Y12,-3.648769292
Y12,-0.642159951
Zn12,0.307014479
Zn12,0.078724574
V12,-3.230985841
V12,-3.167489573
V12,-0.989690548
Tc12,-0.82013247
Tc12,-1.287207166
Tc12,-0.110626385
Sc12,-3.6918909
Sc12,-3.751788326
Sc12,-0.913253091
Cr12,-2.499425337
Cr12,-2.500851622
Cr12,-0.926688303
Cu12,0.815140814
Cu12,0.927200286
Cu12,2.560818709
Al12,-2.040371468
Al12,-1.588916378
Al12,0.903947614
Bi12,0.980499495
Hg12,1.846249265
Cd12,1.025209024
Cd12,0.904440412
Ir3Tc9,-0.964463827
Ir3Tc9,-1.253143684
Ir3Tc9,-0.197090285
Au9Bi3,1.920749544
Au9Bi3,2.02131588
Au9Bi3,1.794283549
Au9Bi3,1.863528766
Ir3Tc9,-0.7208999
Bi3Cu9,0.879596963
Bi3Cu9,0.501382129
Bi3Cu9,1.261566151
Bi3Pt9,1.737316517
Bi3Pt9,1.40304181
Bi9Nb3,1.253810635
Bi9W3,1.330862662
Bi3Cd9,0.649717369
Bi3Cd9,0.685284552
Bi3Cd9,0.758701138
Bi3Cd9,0.903280935
V3W9,-0.923776413
Bi9Hf3,1.500771495
Bi9Hf3,1.295576436
Ag3Bi9,0.987068051
Ga9Ru3,1.686214899
Ag3Bi9,1.44534762
Hg9Tl3,2.971457539
In9Pd3,0.79900596
In9Pd3,0.742894317
In9Pd3,0.977516447
Cu9Hf3,-1.01691581
Al9Cu3,2.480927582
Ag3Cr9,-2.404974216
Pd9Tl3,3.839816065
Bi3Ru9,-0.220511123
Bi3La9,-2.853434012
Bi3Ru9,-0.450956169
Bi3Pb9,0.668034848
Ag9Zr3,-1.843190706
Cd3Cu9,3.493727671
Bi9Pt3,1.121144798
Bi9Pt3,1.506474593
Ag9Zr3,-1.86594677
Bi9Pt3,1.075474844
Ag9Bi3,1.666370317
Bi3Cr9,-1.408807902
Bi9Pd3,1.518281612
Ag9Bi3,1.938454359
Bi3Cr9,-1.45399118
Bi9Pd3,1.117377382
Bi9Ta3,1.512227351
Ag9Bi3,1.884868205
Bi9Pd3,1.400922995
Ag9Bi3,1.71657464
Bi9Pd3,1.25075398
Bi9Cu3,1.5494513
Bi9Pb3,0.911773472
Bi9Re3,1.635479682
Bi3Pd9,1.967005632
Bi9Cu3,0.775729206
Bi9Re3,1.36224038
Bi3Pd9,1.784915214
Bi3Pd9,1.708461294
Bi9Rh3,1.567197476
Bi3Pd9,1.91709043
Bi9Rh3,1.49185827
Re9Ta3,-1.129709717
Bi9Rh3,1.127223821
Re9Ta3,-1.543007916
Bi9Rh3,1.362444194
Cd3Os9,-0.368340367
Re9Ta3,-1.635220085
Cd3Os9,-0.912015381
Re9Ta3,-1.741994698
Au3Bi9,0.816997582
Bi9Ru3,1.695447449
Au3Bi9,1.441754357
Cr9Re3,-2.148079704
Re9Zn3,-0.201771731
Bi9Ru3,1.433116103
Bi3Rh9,0.985404756
Au3Bi9,1.253815261
Cr9Re3,-2.203645894
Bi9Ru3,0.463912734
Bi3Rh9,0.781051616
Rh3W9,-2.021768814
Mo3Os9,0.266381216
Zn3Zr9,-3.448132412
Rh3W9,-2.112152242
Mo3Os9,-0.537029178
Re9Zn3,3.453672242
Zn3Zr9,-3.079790957
Rh3W9,-1.543772556
Mo3Os9,-0.493339396
Mo3Os9,-0.863524559
Mo9Tl3,-0.244374554
Hf3Hg9,-1.580230504
Al9Bi3,-1.502766361
Mo9Tl3,3.977678051
Hf3Rh9,0.146085131
Ru3Sc9,-3.846243121
Hf3Rh9,-0.520057438
Ru3Sc9,-3.924216798
In9Ir3,1.623052515
Al3Pd9,1.414901755
Cd3Cr9,-0.357852828
Cd3Cr9,3.54293769
Ag9Fe3,1.982368363
Hf9Ta3,-3.717277761
Hf9Ta3,-3.363593037
Hf9Ta3,-3.456329161
In9Tl3,0.361689361
Hf9Ta3,-3.042383059
In9Tl3,0.46118833
Hg9Sc3,-0.722479113
Ni9Y3,-0.633002096
Al9Ti3,-0.610821825
In9Nb3,1.196760608
Al9Ti3,-0.720387782
In9Nb3,0.811426732
Al9Ti3,-1.747945012
In9Nb3,-0.083699087
Al9Ti3,-1.611805914
Ag3Mo9,-1.79358721
Ag3Mo9,-2.166700318
Cd3Rh9,0.36783995
Pd3Y9,-3.863864941
Cd3Rh9,0.216592547
Pd3Y9,-3.879923059
Ag9Os3,2.184895754
In3Os9,-0.188220326
In3La9,-3.214451116
In3Os9,-0.694833435
Fe9Ta3,-1.672123892
In3La9,-2.898474975
Al3Tl9,1.385973333
Al3Tl9,-0.544213391
Hf3Ir9,-0.465756033
Al3Tl9,1.441669185
Al3Tl9,-0.522276798
Cr9Pd3,-2.419698567
Pt3Tl9,1.819906333
Cu9W3,0.706603311
Pt3Tl9,1.673989096
Co9Mo3,-0.922452988
Hg3Pt9,1.59093832
Au3W9,-2.031866822
Ag9Al3,2.246670357
Al3Cd9,1.053264641
Au3W9,-2.21814031
Ag9Al3,2.346134224
Ag9Al3,-0.078673689
Tc3Y9,-3.576300207
Al9Zn3,-2.055460044
Ag9Al3,-0.105449555
Tc3Y9,-3.593565422
Al9Zn3,-1.786514427
Tc3Y9,-2.473544046
Al9Zn3,-1.511532373
Tc3Y9,-2.560501288
Al9Zn3,-1.236585013
Cr3Ga9,0.412232873
Au3Tc9,-1.362720661
Ru3Tc9,-0.912623828
Co9Pd3,-0.178659198
Au3Tc9,-0.865067717
Ru3Tc9,-1.301233274
Cu9Zr3,0.611422108
Co9Pd3,-0.209939772
Re3W9,-1.995634048
Ga3Zn9,0.299161954
Ir3Sn9,1.079867714
La9Ru3,-3.153455302
Ru3Tc9,-0.573341681
Cu9Zr3,0.234186748
Re3W9,-2.061646553
Ga3Zn9,0.131256151
La9Ru3,-2.708495842
Ru3Tc9,-1.088476716
Cu9Zr3,-1.187750783
Re3W9,-1.764172248
Ga3Zn9,0.267839611
Cu9Zr3,-1.381266036
Re3W9,-1.996405627
Ag9La3,1.510073162
Cr9Zn3,-1.950897717
Ag9La3,0.19390492
Cr9Zn3,-2.152312162
Au3Ru9,-0.51841904
Ag9La3,-0.831524788
Au3Ru9,-0.687100504
Zn9Zr3,0.284960741
Au3Pd9,3.407226899
Ag9La3,-1.032479633
Os3Rh9,1.238437019
Os3Rh9,1.049437632
Zn9Zr3,-1.481881624
Hg9Ru3,2.577755074
Os3Rh9,0.079099411
Cr9Os3,-1.60109116
Rh3V9,-2.869524512
Ir9Pd3,0.330005786
Os9Pd3,-0.378573888
Zn9Zr3,-1.663083182
Os3Rh9,0.024032006
Rh3V9,-2.762193154
Os9Pd3,-0.794954457
Rh9Y3,0.323933838
Sn3Y9,-3.764268827
Rh9Y3,-0.272058736
Rh9Y3,-0.458006639
Ru3Zn9,0.993511435
Rh9Y3,-0.194695955
Pt9Ru3,1.683562469
Pt9Ru3,1.92654693
Al3Pt9,1.748657542
La3Os9,-1.275735119
Pt9Ru3,0.70876648
Pt9Ru3,0.876167512
Cd3Tl9,1.048545098
Cu3La9,-3.186234815
Pt9Rh3,1.437826258
Cu3La9,-2.775293122
Pt9Rh3,1.70999588
Tl3Y9,-3.864976935
Ti3Zr9,-3.351427372
Pt9Rh3,1.026031488
Au3Ir9,0.332022557
Ti3Zr9,-3.091397836
Pt9Rh3,1.359122228
Au3Ir9,0.278824574
Ir9Ta3,1.567986334
Ti3Zr9,-3.408908699
Ir9Ta3,0.818540196
Ti3Zr9,-3.143500017
Ga9Re3,0.091572565
Hf9V3,-3.391748656
Ir9Ta3,-0.548474014
Au9Rh3,2.42749803
Ir9Ta3,-0.315796001
Au9Rh3,3.091252936
Ag9Zn3,2.121296491
Cu3Pb9,1.713719622
Au9Rh3,1.608994298
Ag9Zn3,1.21103502
Au9Rh3,1.618585222
Al9Mo3,-1.484655009
La9Nb3,-1.92937256
Cd9Y3,0.986272527
Ag3Ru9,-0.566767547
Ga3Tl9,1.222032365
Ag3Ru9,-0.903589512
Nb3Tc9,-1.120989149
Ga3Tl9,1.274626799
Nb3Tc9,-1.56501349
Ga3Tl9,0.342476627
Al3Ta9,-2.666478744
Ag9V3,1.879083337
Pt3Ti9,-3.591213406
Nb3Tc9,-1.470182634
Pt3Zn9,0.493215993
Cd3La9,-2.959063162
Al3Ta9,-2.412102782
Pt3Ti9,-3.34342464
Nb3Tc9,-1.631516616
Pt3Zn9,0.366985648
Al3Ta9,-1.905831719
Y3Zn9,0.244310063
Al9Fe3,-1.570366378
Y3Zn9,-0.119870364
Y3Zn9,-1.01921558
Cu9Ru3,0.838451854
Cu9Ru3,1.512266672
Cu9Ru3,0.129282645
Cu9Ru3,-0.064585811
Sn9V3,0.990109196
Al9W3,-1.443360781
Al9W3,-1.050032881
Co9Re3,0.475174709
Co9Re3,-0.745567564
Co9Re3,-0.834613824
Cr9Zr3,-0.261047513
Pd9Zr3,-0.448753136
Pb9Ti3,1.152383331
Fe9W3,-0.666614822
In9Zn3,0.409575954
Au9Ir3,2.402791454
In9Zn3,0.530520623
Cd3Y9,-3.818098251
Au9Ir3,3.282661892
In9Zn3,0.306592703
Cd3Y9,-3.840102328
In9Zn3,0.363267893
Hg9Pb3,2.56583676
Pb3Zn9,0.139186365
Pb3Zn9,-0.090665066
Pb9Rh3,1.304191288
In3Pb9,0.787021794
Pb9Rh3,1.235150428
In3Pb9,0.570955379
Pb9Rh3,1.013300914
Rh3Ru9,-0.160193825
Pd9Y3,1.642324025
Pb3Pt9,1.83957268
Rh3Ru9,-0.526362043
Ti9V3,-3.528020273
Pd9Y3,1.169793855
Pb3Pt9,1.559693665
La9Re3,-2.908246447
Ta3Ti9,-3.524591639
Rh3Ru9,0.34047727
Ti9V3,-3.33637798
Pd9Y3,0.203435571
La9Re3,-2.610487784
Ta3Ti9,-3.24984469
Rh3Ru9,0.103704081
Ti9V3,-3.315475691
Pd9Y3,0.476560721
Ta3Ti9,-3.110131377
Ti9V3,-3.112261349
La3Sn9,-0.223667235
Au3La9,-3.293348482
Hf9Tl3,-3.79460299
Au3La9,-2.850242797
Hf9Tl3,-3.533602825
Ag3Sn9,0.667148165
Mo9Pb3,-1.286930971
Ag3Sn9,0.797628928
Mo9Pb3,-1.545888786
Ag3Sn9,0.660454573
Au3Ta9,-2.905334965
Ga3Zr9,-3.39770169
Ag3Sn9,0.759234073
Ga3Zr9,-3.029554796
Sn9Zr3,1.164645461
Cd3Zr9,-3.602589533
Ga3La9,-2.731985388
Au3Y9,-3.813294081
Os9Sc3,-1.042776693
Sn9Zr3,0.770304889
Cd3Zr9,-3.243870295
Ga3La9,-3.104396851
V9Zn3,-2.9177239
Os9Sc3,-0.385852253
V9Zn3,-2.73993982
Au3Cu9,0.856096668
Ni9Re3,1.095050442
Au3Cu9,0.998740647
Au3Cu9,1.371340275
Au3Mo9,-1.875224763
Au3Mo9,-2.071285505
Cu9Ta3,0.671744032
Nb3Y9,-3.388447371
Mo9Nb3,-1.05847358
Nb3Y9,-3.182271749
Ir3Pt9,1.493101286
Cu9Os3,0.933695235
Al9Re3,-1.52787104
La9Sc3,-2.966224926
Ir3Pt9,1.949346124
Al9Re3,-1.769871673
W3Y9,-3.367581274
La9Sc3,-2.892354046
Ir3Pt9,1.008761783
Al9Re3,-0.894576421
La9Sc3,-3.255897455
Ir3Pt9,1.265551803
Cu3Ga9,0.451250052
Al9Re3,-0.95374744
La9Sc3,-3.249448901
In9V3,0.821994545
Al9Os3,-1.857151506
Ni3Rh9,0.411507418
La3Ru9,-0.255918303
Cd3In9,0.374854772
Ga3Pt9,1.714202488
V9Zr3,-2.607549635
V9Zr3,-2.518945695
Tl3V9,-2.534533873
Cd3In9,0.496179312
Rh9Ti3,0.205183086
Cd3In9,0.548370066
Cr3Re9,-0.386701112
Nb9Tl3,-2.58515902
Cd3In9,0.589109181
Cr3Re9,-0.352314358
Ir9Tc3,1.462483717
Nb9Tl3,-2.405357216
Ir9Tc3,1.104268842
Cu9La3,0.831786834
Ir9Tc3,0.203855307
Cu9La3,-0.537453675
Ir9Tc3,0.226406605
Cu9Mo3,0.6713711
Re9Tc3,-0.791513033
Hf3Sn9,1.089921368
Ag3Pb9,1.022843674
Re3Ru9,0.318428975
Re9Tc3,-1.346390838
Hf3Sn9,0.673331408
Ir3Zn9,0.833422102
Al3Sn9,0.600613474
Re3Ru9,-0.222671434
Re9Tc3,-0.762481616
Ir3Zn9,0.704296738
Hg3Tl9,0.810244125
Ga3Ru9,-0.448913003
Hf3Pd9,2.366399766
Re3Ru9,-0.459626805
Re9Tc3,-1.278654084
Ir3Zn9,0.964359199
Sn9Ti3,0.877519782
Al3Sn9,0.73912486
Hf3Pd9,1.891040292
Re3Ru9,-0.867009113
Ir3Zn9,0.926166389
Hf3Pd9,-0.539121053
Ni9Sc3,-0.334850228
Cu9Zn3,0.981923603
Cd3V9,-2.834940612
Al3Sn9,-0.499943327
Hf3Pd9,-0.391340517
Cu9Zn3,0.980518135
Cd3V9,-2.870759909
Cu9Zn3,0.761222137
Cr9Hg3,-1.39536126
Cu9Zn3,0.862151745
La9Os3,-3.07161897
Cr9Hg3,-1.891640711
La9Os3,-2.650335998
Ga9Ta3,1.230122989
Ga9Ta3,0.678934504
Ga9Ta3,-0.037039455
Ga3Pb9,0.828885964
Ga3Mo9,-1.628439417
Hg3Pb9,0.701659819
Ga3Pb9,0.985029102
Hg3Ti9,-3.72774149
Ga3Mo9,-1.681128547
Cu9In3,0.925940399
Ga3Pb9,0.300200069
Cu3Y9,-3.732128102
Mn3Sn9,0.862032015
Os9Pt3,-0.259998378
Os9Pt3,-0.607385843
Au9Ru3,2.359104938
Al3Rh9,0.603985373
Au9Ru3,3.195409814
Re9V3,-1.103975912
Al9Hf3,-1.759201409
Re9V3,-1.440461272
Ga9Os3,0.084447128
Re9V3,-1.497531843
Co9Sc3,-0.926831844
Cr3Zr9,-1.037361628
Re9V3,-1.707319232
Ru9Zn3,-0.608897708
La9Rh3,-3.237594398
Ru9Zn3,-0.65745928
Cd9Ir3,1.408333471
Al3Ga9,0.240713398
La9Rh3,-2.715982101
Cr9Ga3,-1.853137963
Ru9Zn3,0.435094926
Cd9Ir3,1.380309964
Al3Ga9,0.611438163
Ru9Zn3,0.30741367
Cd9Ir3,1.159887006
Ga9Zr3,1.16592045
Al3Ga9,-0.596547957
Cd9Ir3,1.130109044
Ga9Zr3,-0.40697645
Ga9Zr3,-0.441343068
Au3Nb9,-2.839516342
Cu9Mn3,0.748806263
Cd9Os3,1.750833636
Al9Hf3,-0.507453397
Au3Nb9,-2.602889685
Au9Sn3,2.208565032
Al9Hf3,-0.553112058
Au9In3,2.075631299
Hf9Ti3,-3.590388901
Al9Hf3,-1.867601902
Au9In3,2.302972887
Hf9Ti3,-3.253410062
Ir9Zn3,0.605157367
Ir9Zn3,0.30174173
Ir9Zn3,0.792289782
Ir9Zn3,0.88482944
Tc3Ti9,-3.704449362
Os3Pd9,2.152754892
Tc3Ti9,-3.629140497
Hf9Sc3,-3.684768184
Tc3Ti9,-2.694159252
Re3V9,-3.129328329
In3Zn9,0.05248314
Hf9Sc3,-3.445514541
Ti3Y9,-3.479387271
Re3V9,-3.045024876
In3Zn9,0.39828908
Cu9Sn3,0.973606172
Hf9Sc3,-3.682793726
Ti3Y9,-3.477624382
In3Zn9,0.409266424
Hf9Sc3,-3.42493185
Ti3Y9,-3.587655381
Os9V3,-0.060137567
Hf9Zr3,-3.696516155
Fe9Ti3,-1.806447038
Ag3Pd9,1.39590372
Ti3Y9,-3.600861474
Os9V3,-0.614019979
Hf9Zr3,-3.343390625
Ag3Pd9,1.405939686
Os9V3,-0.689433472
Hf9Zr3,-3.588414307
Al3Nb9,-2.47550136
Ag3Pd9,1.68577285
Os9V3,-1.01035637
Hf9Zr3,-3.239618108
Al3Nb9,-2.263601008
Ag3Pd9,1.824112941
Co9W3,-1.062234329
Al3Nb9,-1.871357889
Au9Os3,2.33683106
Cd9Zn3,1.28362057
Hf9Ti3,-3.663970524
Ga9In3,0.13666523
Cr9Ir3,-0.627755605
Hf9Ti3,-3.331400609
Au9Sc3,2.269614452
Ru9Y3,-0.418572037
Ga9In3,0.342049544
Cr9Ir3,1.153981183
Au9Sc3,2.988219344
Ru9Y3,-1.250135057
Ga9In3,0.1633264
Au9Sc3,-0.153801191
Cr9La3,-1.727089391
Ru9Y3,-0.812232189
Ga9In3,0.392711291
Au9Sc3,-0.212403763
Cr9La3,-2.046756211
Cu9Tc3,0.770206111
Pd3Tl9,1.638344769
Pd3Tl9,1.517755752
Al9Ru3,-1.767274346
Pt3V9,-2.741264606
Ta9W3,-3.323255834
Ta9W3,-3.162476964
Cd9Re3,1.923522929
Al9Hg3,-2.01942292
Ta9W3,-2.991959412
Cd9Re3,1.970197119
Al9Hg3,-1.922060181
Al9Ni3,-1.705701379
Cr3Ir9,0.87332746
Ta9W3,-2.870315955
Ga3V9,-2.643619413
Al3In9,0.527670911
Rh3Sc9,-3.923139499
Co3Hg9,2.611683724
Cd3Co9,-0.366037331
Ga3V9,-2.478695841
Rh3Sc9,-4.008414534
Cr3Pd9,1.855009426
Co3Hg9,2.72052613
Al9Mn3,-1.251553587
Ag3Ta9,-3.094422926
In9Pt3,0.799234263
Ag3Ta9,-2.855451736
In9Pt3,0.762489779
In9Pt3,1.058759707
Al3Ni9,-0.234619001
Ru3Y9,0.753670978
Hf3Zn9,0.457747042
Cr9Pb3,-1.312802874
Ir9La3,-0.168954394
Cr9Pb3,-1.492725497
Ir9La3,0.127449006
Al3Ir9,0.848359791
Cd9Cr3,1.56428477
Ir9La3,0.629972244
Al3Ir9,0.46815771
Cd9Cr3,1.754113016
Al3Ir9,0.142210774
Cr3La9,-1.734300407
Hg3Ru9,-0.493370009
Tc3Zr9,-3.605175703
Al3Ir9,0.137940627
Hg3Ru9,-0.704700419
Tc3Zr9,-3.437440243
Hg3W9,-1.629379298
Au3Hf9,-3.883282713
Tc3Zr9,-2.59919642
Ga9Tc3,0.152086465
Hg3W9,-2.077199627
Ni9Pb3,0.318063526
Au3Hf9,-3.505043661
Ga9Tc3,0.405564043
Os3Ta9,-3.264482918
Os3Ta9,-2.852432225
Fe9Zr3,-0.045266545
Cd3Pb9,0.77673766
Cr9Ru3,-0.758450793
Fe9Sn3,0.062819521
Nb9Os3,-2.785126636
Cd3Pb9,0.898418669
Cr9Cu3,-2.211282497
Nb9Os3,-2.613427702
Cd3Pb9,0.818853943
Fe9Nb3,-1.560856271
Mo3Pb9,1.20102885
Cr9Ru3,0.545974512
Sc9Sn3,-3.918421181
Sc9Sn3,-3.932453139
Hg3Pb9,3.169801316
Hf9Pt3,2.005848113
Mo3Tc9,-0.115055173
Au3Pt9,1.420026475
Mo3Tc9,-0.540314
Ag3Y9,-3.862840025
Ag3Au9,2.287145522
Au3Pt9,1.512657019
Tl3V9,-0.737433537
Hg3La9,1.876060425
Cu9Ni3,0.902886234
Ag3Au9,2.486444827
Hf3Zr9,-3.381680988
Au3Pt9,1.689993744
Ag3Au9,2.359649846
Al9Au3,-2.08771846
Hf3Zr9,-3.084646828
Mo3Rh9,1.376796974
Ag3Au9,2.545083862
Hf3Zr9,-3.516535981
Mo3Rh9,0.767614635
Hf3Zr9,-3.209565176
Mo3Rh9,-0.614393183
Cd9Mo3,1.649986751
Cd9Mo3,1.891614724
Nb9Tl3,-0.826094212
Nb9Tl3,3.628243609
La9Pd3,-2.80734201
Cu9Mo3,-1.545250951
Cu9Ir3,0.971496201
Ag9Re3,2.044931144
La3Mo9,-1.383121852
Cu9Ir3,1.67304146
Ag9Re3,2.94698226
Cu9Ti3,0.620539282
La3Mo9,-1.786280681
Cu9Ir3,0.582256539
Cu9Ti3,1.229865842
Pb9Sc3,1.57864272
Ga9La3,0.090026823
Cu9Ir3,0.434131235
Cu9Ti3,-1.329033376
Pb9Sc3,1.174745102
Au9Pd3,2.465881048
Ga9La3,0.084114469
Cu9Ti3,-1.434034623
Au9Pd3,2.857108638
Au3V9,-3.005777625
Ga9La3,-0.842267298
Pd3Re9,-0.888290456
Pb3Ti9,-3.205725513
Mo3Pd9,2.15269285
Au9Pd3,2.311642842
Au3V9,-2.856098687
Ga9La3,-0.896199036
Pd3Re9,-1.597138978
In9Rh3,0.721858965
Au9Pd3,2.452493319
Hf3Sn9,-1.156410344
Hf9In3,2.192796987
In9Rh3,0.660247358
In9Rh3,0.775530835
Al3Sc9,-3.759613232
La9Zr3,-3.02641297
Cd9Pb3,0.86090764
Ag3Re9,-0.807011005
Al3Sc9,-3.823333585
Ag9Ga3,0.823292936
Ag3Re9,-1.588775423
Al3Sc9,-2.663617875
Mo3Pd9,2.261168174
Al3Y9,-3.68218079
Re9W3,-1.359989999
Al3Sc9,-2.64021935
Hf3W9,-1.888052209
In9W3,0.957722343
Re9W3,-1.094294373
Hf3W9,-1.948267601
In9W3,0.600520275
Hg9W3,2.71588346
Ti3Y9,-1.959420458
Cr9Ti3,-0.491299495
Ga3Os9,-0.582735051
Ga3Os9,0.418551629
Ag9W3,1.894522124
Ga3Os9,0.444191283
Ir3Zn9,2.06763537
Sn3Tc9,-0.884615014
Pt3Ta9,-3.072494224
La9Zr3,-2.862225874
Sn3Tc9,-1.060321913
Pt3Ta9,-2.781989708
La9Zr3,-2.771674552
Cr3Ti9,-3.592932757
Cd9La3,0.809428328
La9Zr3,-3.122209695
Cr3Ti9,-3.462191037
Al3Mo9,-1.628010293
Cr3Ti9,-3.072376943
Al3Mo9,-1.698122464
Cr3Ti9,-2.971016035
Ta9Y3,-2.440926984
Hf9Hg3,-3.55073552
Sc3W9,-1.888960117
Ta9Y3,-3.072651914
Co9Ru3,0.051022025
Sc3W9,-2.288202684
Hf3Ni9,0.303644622
Co9Ru3,-0.127984934
Co9Ru3,-0.282883968
Ag3Pt9,1.423508036
Hf3La9,-2.819792034
Hf9Hg3,-3.895568789
Sc3W9,-1.689373188
Ag3Pt9,1.274178084
Hf3La9,-2.714808474
Ag3Pt9,1.443001591
Hf3La9,-3.278410793
Os3Sn9,1.136063848
Hf3La9,-3.203274992
Pt3Re9,-0.904554836
Ag3La9,-3.282888562
Cu3Pt9,1.591445132
Re3Rh9,1.545969331
Cu3Pt9,1.429595903
Re3Rh9,1.068812273
Cu3Pt9,1.234148641
Os9Zr3,-0.298722898
Re3Rh9,-0.542194579
Cu3Pt9,1.591099003
Tc3Zn9,1.194300019
Os9Zr3,-1.050667722
In3Sc9,-3.90670668
Tc3Zn9,1.249317763
Cd9Cu3,1.147574127
Re3Sc9,-3.605614895
Hf3In9,-0.823045176
Os9Zr3,-1.09073458
In3Sc9,-3.974384113
Tc3Zn9,0.26512786
Cd9Cu3,1.15696668
Re3Sc9,-3.637007308
Os9Zr3,-1.07782754
Tc3Zn9,0.069924277
Cd9Cu3,0.901276136
Re3Sc9,-2.502602402
Au9Pd3,3.693468616
Cd9Cu3,0.849828253
Re3Sc9,-2.600124464
Au9Re3,2.317861188
Au9Re3,3.432305455
Nb9Tc3,-2.996189558
Nb9Tc3,-2.870115951
Cd9Pd3,1.169861611
Au9Pd3,3.146608646
Ta9W3,-1.053694989
Au3Rh9,0.240805917
Ti9Tl3,-3.607326219
Pt3Y9,-3.840336891
Fe9V3,-1.53961697
Au3Rh9,0.372652963
Ti9Tl3,-3.391160754
Pt3Y9,-3.834595697
Cd3Re9,-0.713744667
Cd9Ti3,1.25627517
Cd3Re9,-1.467845992
Ag9Ti3,1.791819559
Cr3Zn9,-0.847271063
Cu9Pt3,0.975990977
Cr3Zn9,-0.780226839
Cd3Tc9,3.854749672
Au3Sc9,-3.972822996
Cu9Pt3,1.457062257
Ru3W9,-1.922529169
In9Sc3,0.948408974
Au3Sc9,-4.021284702
Cu9Pt3,1.189747418
Ru3W9,-2.075703681
In9Sc3,1.073527462
Cu9Pt3,1.204333536
Ru3W9,-1.477273104
In9Sc3,-0.885692857
Ru3W9,-1.716819406
In9Sc3,-0.866810606
Ag9Tc3,-1.24075162
Ga3W9,-0.662933258
Cu9La3,-0.799943392
Cd3Mo9,-0.464325394
Ga3W9,3.238643396
Fe3Re9,-0.287509768
Cd3Mo9,3.50294335
Al9Zr3,-0.495879715
Ir9Rh3,0.596961026
Cr3Zn9,1.000435916
Mo9Sn3,-1.567059106
In9Ti3,1.130972462
Al9Zr3,-0.53748007
Ir9Rh3,0.660516751
Cr3Zn9,1.212119257
Fe3Re9,1.147040648
In9Ti3,1.006382556
Al9Zr3,-1.727755934
Ir9Rh3,0.723357088
Nb3Ru9,-0.197650839
Al9Zr3,-1.645837831
Ir9Rh3,0.848740478
Nb3Ru9,-0.816049674
Al3Zr9,-3.371691009
Nb3Zn9,0.575686894
Nb3Ru9,-0.896669113
La9Tl3,-2.944977461
Hg9Tl3,2.604283044
La9Sn3,1.209046276
Nb3Zn9,1.018501826
Nb3Ru9,-1.120333491
Pt9Ti3,2.314419084
V3W9,-2.174909448
Pb3Y9,-3.899623693
Nb3Zn9,-1.426688094
Pt9Ti3,1.972623966
V3W9,-2.179010884
Pb3Y9,-3.853948841
Ag3Pb9,2.827234892
Nb3Zn9,-1.580835277
Mo3W9,-2.107105482
Pt9Ti3,-0.132181066
V3W9,-2.73360052
Mo3W9,-2.198823629
Sn9W3,0.174614226
Ta9Tl3,-2.735066533
Co9In3,-0.092286864
Ta9Tl3,-2.646200004
Hf3Zn9,-1.171096872
Mo3W9,-2.204751765
Sc3Ti9,-3.461605176
Ag3Sc9,-3.99281969
Sc3Ti9,-3.454989273
Ir9Ni3,0.438107226
Ag3Sc9,-4.079960881
Al9Cu3,-1.968583756
Ag3Rh9,0.232033103
Cu9Nb3,-1.58946632
Al9Cu3,-1.807367871
Ag3Rh9,0.116141996
Ag9Ta3,1.786440276
Al9Cu3,-1.354905416
Pt9Y3,0.300127414
Nb9Os3,0.107480885
Al9Cu3,-1.151015687
Al9Y3,-0.948689116
Re9Zn3,-0.996133388
Hf3Hg9,2.249438299
Hf3Hg9,-1.585935643
Al9Y3,-1.122251349
Os3Zr9,-3.603292267
Re9Zn3,-1.461117298
Hf3Hg9,2.943922068
Al9Y3,-2.119072641
Os3Zr9,-3.413096667
Pd9Sn3,2.089982039
Cu9Fe3,0.759010259
Re9Zn3,-0.01609254
Cu9Pb3,0.594122471
Sn9Ti3,-1.148885035
Al9Y3,-2.095663231
Cd9In3,0.976877388
Cu3Zn9,0.515141157
Pd9Sn3,2.056671223
In9Ir3,0.567104832
Cd9In3,0.875688864
Cu3Zn9,0.661118531
Cd9In3,0.856813687
Hg9Sc3,2.184710172
Cd9In3,0.844274818
Ag3Co9,-0.309066354
Ag3Y9,1.902485944
La9Os3,0.055686192
Ag3Co9,-0.5026046
In9Ir3,0.648648914
La9Nb3,-2.842345509
Cr9Hg3,-0.246400305
La9Nb3,-2.703470035
Cr9Hg3,3.68164146
Cu9Ga3,2.231006532
Ga9Mo3,0.223142872
La9Nb3,-2.852393585
Rh9Ru3,0.975719408
Ga9Mo3,0.133054823
La9Nb3,-2.721727105
Hf9Tc3,-3.8913415
Rh9Ru3,0.800975928
Hf9Tc3,-3.724137615
Rh9Ru3,0.265972365
Tc9Y3,-0.5311356
Hf9Tc3,-2.799677923
Rh9Ru3,0.206352223
Tc9Y3,-1.5856604
Mo9Ni3,-0.787863578
Mo9Ni3,1.443915077
Ir3Ru9,0.018987968
Ir3Ru9,-0.243650187
Cu3W9,-0.918779859
Hf9Y3,-3.615841069
Ir3Ru9,0.440665776
Cu3W9,2.338310135
Ag9Ir3,0.68113917
Hf9Y3,-3.458072867
Au9Pb3,1.89480349
Ir3Ru9,0.136204269
Ag9Pt3,2.195922351
Hf9Y3,-3.57188897
Pd9Ta3,-1.787995543
Hf9Y3,-3.340753026
Ga3Pb9,1.551128746
Pb3Pd9,3.257663065
Cd9W3,-1.869257307
Hg3Sn9,3.361197211
Cr3Mo9,-2.074131135
Cr3Mo9,-2.058977932
Nb3Os9,0.348169248
Ag9Sn3,2.304875099
Nb3Os9,-0.220932491
Hf3Y9,-1.901378032
Cr3Mo9,-2.466145815
La3Ta9,-2.13554546
Hg3Ti9,2.757530347
La3Ta9,-2.309910566
Ti9Zr3,-3.187886954
Os9Zn3,-0.339031258
Ti9Zr3,-3.368150672
Os9Zn3,-0.752057207
Ga3Mo9,-0.489915932
Ti9Zr3,-3.160849043
Os9Zn3,0.355739183
Hg3Ir9,0.309503369
Ir3Tl9,2.104030596
Ir3Tl9,1.969593978
Fe9Zr3,-0.904599463
Ga3Mo9,2.946944164
La9V3,-2.8696388
Hg3Ir9,0.697913628
La9V3,-2.663932847
La9V3,-2.99259058
Pb3Y9,2.11154121
Ir9Os3,1.749224491
La9V3,-2.987839609
Pd9Zr3,1.834815178
In9Tc3,0.527361517
Pd3Ru9,-0.430087487
Ru3Y9,-3.719539979
Pd3Ru9,-0.727766285
Cu3Y9,0.914445902
Ir9Os3,0.55257749
Ru3Y9,-2.265722952
Co9Y3,-1.106210647
Ir9Mo3,1.678382102
Ir9Mo3,1.042190968
Au3In9,0.524882152
Ir9Mo3,-0.196390544
Cr3Re9,-0.955916323
Ru9V3,-0.226447966
Ga3Pd9,1.872554782
Mo3Tc9,-0.888391002
Ir9Mo3,-0.090021789
Cr3Re9,-1.30577363
Ru9V3,-0.674648983
Ga3Pd9,1.807268686
Mo3Tc9,-1.34665506
Cu3Tl9,1.322775166
Cr3Re9,-1.127284775
Ru9V3,-0.847153102
Ga3Pd9,1.176296151
Mo3Tc9,-1.08123046
Os9Re3,-0.216677991
Cd3Mo9,-1.486522662
Cr3Re9,-1.519529118
Ru9V3,-1.171957296
Ga3Pd9,1.219027411
Mo3Tc9,-1.460555519
Cd3Mo9,-1.885026576
Hf9In3,-3.743093745
Hf3In9,1.221601744
La9Sn3,-3.238581627
Nb3Ti9,-3.557906536
Ag9Rh3,2.251365954
Hf9In3,-3.480943491
Ag9Tc3,2.038906135
La9Sn3,-2.831815384
Ru9Zn3,3.113556883
Nb3Ti9,-3.335569257
Ag9Co3,2.097665445
Ag9Rh3,2.72544799
Nb3Ti9,-3.245728697
Ag9Co3,2.412332038
Ag9Rh3,1.065242275
Nb3Ti9,-3.078586581
Ag9Co3,0.404052315
Ag9Rh3,1.004087547
Ag9Co3,0.407360131
Cd9W3,1.841184002
Pt3Rh9,0.416548463
Pb3Pd9,1.826385771
Pt3Rh9,0.62618959
Ag9Sn3,1.99899928
Cd3Ru9,-0.50033313
Nb9Pt3,-2.750524096
Pt3Rh9,0.876051183
Cu9Ga3,1.136458005
Ag9Sn3,2.087669479
Cd3Ru9,-0.834018983
Nb9Pt3,-2.523322646
Pt3Rh9,0.954871406
Mo3Ti9,-3.652906647
Cu9Ga3,1.13346761
Ag9Sn3,1.352667824
Mo3Ti9,-3.549705977
Ag9Sn3,1.287680236
Nb3Os9,0.020850179
Mo3Ti9,-2.939429469
Nb3Os9,-0.771826141
Mo3Ti9,-2.873618601
Nb3Os9,-0.810712433
Ag9Ir3,2.321360164
Al9Tl3,3.615446776
La3Nb9,-2.287484712
Nb3Os9,-1.010345894
Os9Ru3,0.802071458
Mo3Sc9,-3.555624725
Cr3Zr9,-3.438349783
Cr3La9,-2.916825652
Os9Ru3,1.478618299
Mo3Sc9,-3.550974164
Cr3Zr9,-3.239894304
Cr3La9,-2.629247856
Mo3Sc9,-2.873573838
Nb3Pb9,1.509036272
Cr3Zr9,-2.99696413
Cr3La9,-2.797473529
Os9Pt3,0.78769582
Mo3Sc9,-2.873407984
Re3Y9,-3.49075782
Nb3Pb9,1.147149221
Cr3Zr9,-2.827652042
Os9Pt3,2.62405538
Re9Ti3,-1.064407566
Re3Y9,-3.495637774
Re9Ti3,-1.441898577
Re3Y9,-2.49527424
Re9Ti3,-1.776480365
Re3Y9,-2.562014241
Ir3Ti9,-3.600102277
Re9Ti3,-1.789507135
Ir3Ti9,-3.405045907
Pd9Ta3,2.24380391
Pb3Tl9,1.381004398
Hg3Sn9,0.362458354
Ag9Cr3,1.97274424
Pb3Tl9,0.860883694
Hg3Sn9,0.587017987
Ag9Cr3,2.596032281
Pb3Tl9,0.962231405
Al9Tl3,-1.709787577
Ag9Pt3,2.389815162
Al9Tl3,-1.486509328
Cr9Rh3,-2.025219081
Ag9Pt3,2.828477092
W9Y3,-1.477647941
Hg3Nb9,-1.014066642
Cr9Rh3,-2.249430952
Ag9Pt3,1.674498221
Hg9Ta3,2.502417773
Cr9Rh3,-1.572827783
Al3W9,-1.764063267
Ag9Pt3,1.692529709
Pb3Tl9,1.326534827
Hg9Ta3,3.096745962
Al3W9,-1.762489905
In3W9,-0.484842642
Al3W9,-1.124700238
Hg3Nb9,3.185031664
Y9Zr3,-3.438152365
Hf3Y9,-3.458607434
Hf3Y9,-3.407396698
Ir9Os3,1.259526794
Cd9Pt3,1.105858123
Cd9Nb3,1.406710993
Hf3Y9,-3.720828846
Ir9Os3,1.178557961
Cd9Nb3,1.811268079
Hf3Y9,-3.681688128
Ir9Os3,0.428502832
Ir9Os3,0.487214522
Al9Hf3,0.173714617
Cd9Tl3,0.780834742
Au9Cu3,2.531587288
Os9Y3,-0.131587041
Os9Y3,-1.146066616
Sc3Y9,-3.627216652
Au9Cu3,2.739338176
Os9Y3,-0.850113292
Au9Cu3,1.906632142
Al9Ta3,-0.523075044
Au9Cu3,2.047204791
Hf9Ir3,-3.896560644
Co9Pt3,-0.011519667
Ga9Pt3,0.413452624
Pd3Sc9,-4.042581691
Ag3Tc9,-0.887157374
La3Pb9,1.552905241
Al9Ta3,-0.863035434
Cu3Rh9,0.294120637
Hf9Ir3,-3.536397978
Co9Pt3,0.118586667
Ga9Pt3,0.39029179
Ag3Tc9,-1.474720676
Al9Ta3,-1.332818072
Cu3Rh9,0.361209896
Pd9Re3,2.3063505
Co9Pt3,0.555995785
Ga9Pt3,0.869551472
Cd3Nb9,-2.588627111
Al9Ta3,-1.187656631
Cu3Rh9,0.800441224
Co9Pt3,0.549168176
Cr9Pt3,-2.035606755
La3Pt9,1.377970737
Cr9Sc3,-1.862619089
Ga9Os3,1.102009889
Cd9Zr3,1.134207759
Cu3Rh9,0.783694386
Cr9Pt3,-2.172211575
La3Pt9,1.042796965
Cr9Sc3,-2.30194144
Ga9Zr3,0.254067929
Hg9Mo3,2.606115051
La3Pt9,0.335910112
Au9Cu3,2.982121953
La3Pt9,0.87385713
Cr3Pb9,1.186215381
Al3V9,-2.610035803
La9Pb3,-3.302494637
Pb9Y3,1.176488399
Al3V9,-2.470286299
La9Pb3,-2.921957719
Al3Ga9,0.714070523
Al3V9,-2.114517047
Rh9Sc3,-0.459278499
Cu3V9,-2.983316941
Nb3Re9,-0.658106094
Ir3Pd9,0.711984226
Cu3V9,-2.754369065
Nb3Re9,-0.592422576
Hg9Ta3,-1.938157211
Y9Zr3,-1.668894445
Cu3V9,-2.128501657
In3Ti9,-3.559546294
Ta3Y9,-3.360109844
In3Ti9,-3.355755886
Ta3Y9,-3.316875853
Pb9Tl3,0.745058983
Ta3Y9,-3.478820186
Pd9Re3,-1.326521629
Cu3Zr9,-3.395910229
La3Zr9,-3.273116818
Pb9Tl3,0.891370648
Ta3Y9,-3.383196526
Ir9Nb3,1.50357141
Cu3Zr9,-3.071915166
La3Zr9,-2.954804445
Ir9Nb3,0.766988229
In9Os3,0.755696321
La3Zr9,-3.02341169
Ir9Nb3,-0.463858583
Au3Nb9,-1.121385619
Al9Y3,1.30834565
La3Zr9,-2.896633173
Ir9Nb3,-0.265211535
Au3Nb9,2.737237866
In9La3,0.579984116
Hf9Ir3,1.542518248
Nb3Rh9,1.143165747
Al9Hg3,3.471329028
Sn9Tl3,3.442557888
In9Pt3,2.220536136
Nb3Rh9,0.476703853
Co3Hg9,1.093989606
Nb3Re9,-1.062262085
Nb3Rh9,-0.732102827
Cd9Cr3,-1.227667162
Nb3Re9,-1.611542644
Nb3Rh9,-0.621638078
Ni3Os9,0.642647579
Re3Sn9,-0.533080398
La9Y3,-3.011330652
Ni3Os9,2.462426291
La9Y3,-2.954468248
Al3In9,0.284419643
Sn9Zn3,0.441229188
La9Y3,-3.23271077
Sn9Zn3,0.680218609
La9Y3,-3.173394307
Cd3Pb9,2.670446572
Cr9Pt3,-0.720290909
Hg9Pt3,2.417322741
Hg3W9,-0.605429209
Cr9Pt3,2.114497319
Hg9Pt3,2.402158245
Hg3Mo9,-0.438991052
Hg3W9,4.069929813
Cu9Mn3,0.770126654
Au9In3,2.974689435
Cr3Pd9,-0.918240665
Hg3Mo9,3.646935381
Ag3Au9,4.017552797
Fe9Nb3,-0.656843622
Ir3W9,-0.913002066
Au9Hf3,3.269745464
Cr9In3,-0.191205687
Sn9W3,-1.230821233
Os9Y3,-1.266624612
Au9Hf3,-1.344582233
Cr9In3,3.457958307
Ir3W9,1.592461205
Pd3Sc9,1.630936061
Hf9Y3,0.592576592
Hf9Ti3,-1.000163258
Ti3V9,-1.273408274
Cr3Pb9,-1.213710171
Al9Au3,3.299907378
Ti3V9,-0.504278236
Os9V3,0.377673736
Os9V3,-0.236710876
Au3Hf9,2.466228401
Cr9Tl3,3.982099765
Pb9Y3,0.15610028
La9Zn3,-3.122767392
Pb9Re3,-1.187216487
La9Mn3,-3.115470795
La9Zn3,-2.836401319
Au3Cd9,0.958318952
Cd9Re3,-1.016555123
Pb9Tl3,3.127192643
La9Mn3,-2.891805873
Au3Cd9,0.911045839
Ir9Zn3,3.255348601
La9Mn3,-2.571692922
Au3Cd9,1.4797107
Cd3Nb9,-0.995337319
Ta3Y9,-2.110388808
Os9Tc3,0.669045887
La9Mn3,-2.717452469
Cd3Nb9,2.959792019
Os9Tc3,0.250200375
Ir9La3,-0.411031083
Os9Zn3,3.368630408
Ag3W9,-2.324790703
Ir3La9,-3.195468182
Ga9Y3,-0.883755815
Ir3La9,-2.654362195
Ga9Nb3,1.150197304
Ag3Cd9,0.993594974
Au9Sc3,3.125761324
Ga9Nb3,0.632419364
Ag3W9,-1.96102008
Pd3Pt9,1.340013714
Ni9Sn3,0.581272031
Au9Sc3,0.101887721
Ta3V9,-1.189467957
V9Y3,-1.499025748
Pd3Pt9,1.50989656
Cd9Ta3,1.57324956
Cd9V3,1.45604115
Ta3V9,-1.006013977
Ga9Ru3,0.194523707
Pd3Pt9,1.306024519
Pt9Tc3,2.017761257
Pt3Tc9,-0.860679065
Cd9V3,1.756095365
Ga9Ru3,0.192091417
Pd3Pt9,1.67506381
Pt9Tc3,2.183450693
La3Pd9,0.927338928
Hg9Pd3,2.498520286
Ir9Nb3,-0.438339883
Ga9Ru3,0.452771577
La3Pd9,0.087081735
Hg9Nb3,2.400683252
Hg9Pd3,2.558270771
Pb9Tc3,-0.478024285
La9Y3,-0.837069652
In9Ta3,1.248327677
Cd9Nb3,-1.823990353
In9Ta3,0.87487538
Hf3Ni9,0.287698342
Pt9W3,2.519257538
Pt9Tc3,-0.297454712
Pt9W3,2.630203928
Co9Os3,1.462106703
Ag3In9,0.555506932
W9Zr3,-1.800376178
Cr9Sn3,-1.342568183
Cd3Cu9,0.823208445
Mo9Tl3,-1.270262229
Ag3In9,0.614681488
W9Zr3,-1.954730985
Cr9Sn3,-1.5176982
Cu9Hf3,0.632112012
Mo9Tl3,-1.615096587
Ag3In9,0.731079407
Cu9Hf3,0.378606134
Ga9V3,0.637661637
Ir9Ru3,1.597891373
La9W3,-2.806811932
Cu3Sc9,-3.959093764
Ag9Ni3,2.198618047
Cu9Hf3,-1.519149111
Ir9Ru3,1.213463364
La9W3,-2.586903269
La9W3,-2.488004583
Cr3Rh9,-0.530603482
Au3Tl9,1.187292951
Al3Pd9,0.413161326
La9W3,-2.629078329
Au3Tl9,1.075453483
Os9Zr3,0.615754569
La3Pb9,0.057054789
Co9Os3,0.018932048
Pd9Tl3,1.78562135
Re3Y9,-0.787638404
Cd3Cr9,-1.469381803
Cd3Cr9,-2.062699633
Cr9Zr3,-1.80604431
Mo9Nb3,-2.252134539
La3Zn9,0.041785937
In9Ti3,-0.88572347
Ag3Ga9,0.242973576
Ag3Ga9,0.282653352
Ag3Ga9,0.419622941
Cr9Cu3,-0.74559668
Cu3Ru9,-0.636776723
Cd9Zr3,-1.531947849
Cu3Ru9,-0.682493345
Au3Pd9,1.402284653
Cu3Ru9,0.34278534
Pb9Ta3,-2.060048292
Au3Pd9,1.634894909
Cu3Ru9,0.230316201
Pd3Zr9,-3.529891328
Au3Pd9,1.845780685
Pd3Zr9,-3.187289393
Au3Pd9,1.991486761
Hg3La9,-3.259651401
Hg3La9,-2.953447549
Al9Ir3,-1.763999184
In9Mo3,0.91187048
In9Mo3,0.579344649
V3Y9,-3.451659552
Cd9Mo3,-1.370198622
Cr9Ru3,-2.176564853
V3Y9,-3.409376326
Au3Re9,-0.794673907
Au3Re9,-1.515122507
Re9Ru3,-0.914077868
Re9Ru3,-1.347969778
Pb9V3,1.179384915
Ga3Re9,-1.355425834
Re9Ru3,-0.514041817
Au9Ti3,2.333458209
Mo9Zn3,-1.879298443
Sc3Sn9,1.327108715
Re9Ru3,-1.069233097
Au9Ti3,3.182293519
Mo9Sc3,-1.581393655
La9Ti3,-2.864735852
Sc3Sn9,0.896383802
Pd3Ta9,-3.101922383
Mo9Sc3,-1.912982055
Pd9V3,1.888242417
La9Ti3,-2.728891182
Pb9Ta3,1.047373648
Sc3Sn9,-0.370686669
Pd3Ta9,-2.808577271
Hg9Re3,2.769710026
Mo9Sc3,-2.267065834
Mo9Pd3,-1.956824492
La9Ti3,-3.1703933
Sc3Sn9,-0.277389038
Cd3Hf9,-3.853070594
Hf9Sn3,-3.615363373
Mo9Pd3,-2.116072041
La9Ti3,-3.165376609
Au3Ti9,-3.681803504
Hf9Sn3,-3.271364269
Hg9In3,2.681787732
Ni3Ta9,-2.968617487
Au3Ti9,-3.406810293
Co9Rh3,-0.041210416
Ga3Ti9,-3.461117412
Mo3Ru9,-0.682246129
Co9Rh3,-0.002638552
Hg9Tc3,2.637407598
Ga3Ti9,-3.235223334
Al9La3,-1.198575199
Co9Rh3,0.193424367
Hg9Tc3,2.929343433
Ir9Y3,0.638596212
Cd3Ga9,0.06890521
Cd9Rh3,1.305251715
Co9Rh3,0.116794117
Ir9Y3,-0.068752555
In3Pd9,1.812753412
Cd3Ga9,0.27696903
Ir9Y3,-0.463496944
Cd3Ga9,0.190521184
Hg9Ti3,2.321144922
Cu3Os9,-0.608818251
Ir9Y3,-0.095076439
Cd3Ga9,0.246567111
Hg9Ti3,2.917633558
Cu3Os9,-0.739883106
Nb9W3,-3.027893541
Cu3Os9,0.374454085
Cu3Re9,-1.030986136
Cr3Cu9,0.742193216
Re3Zn9,1.549818245
Pb9Sc3,-0.572123836
Mo9V3,-2.697409652
Nb3W9,-2.078276926
Cu3Re9,-1.45551597
Cr3V9,-3.299544106
Nb3W9,-2.205893826
Cr3V9,-3.216417002
Ga3Hf9,-3.637811676
Ag9Au3,2.208362987
Ag9Re3,-1.943745885
In3Ir9,0.912958664
Nb9V3,-3.146884297
Ag9Au3,2.311256441
La3Mo9,-1.418689036
In3Ir9,0.491004523
In3Y9,-3.805869319
Ag9Au3,2.103281739
Cu3Ti9,-3.557235231
Cu9Ir3,1.069579362
In3Ir9,0.856865797
Au9Tc3,2.325421599
Ir9Pt3,0.414151412
Ag9Au3,2.225204249
In3Ir9,1.082771169
Au9Tc3,3.256209977
Ir9Pt3,0.631440163
Ir9Pt3,0.955572371
Mo3Pd9,-1.442722402
Ag3Nb9,-2.837011806
Re9W3,-0.357594455
Ag3Nb9,-2.640471191
Pd9Sc3,1.30599064
Ga9Y3,1.180721538
Pt9Ta3,2.648779507
Re9W3,-0.567698176
Pt9Ta3,2.554782952
Re9Y3,-0.281501086
Re9Y3,-1.44640315
Hg9Zn3,3.200479022
Ir9Sn3,0.993557014
Re9Y3,-1.166171067
Hg9Zn3,3.122223844
Ir3Y9,1.26988195
Ag9Ga3,1.687589754
Ir9Sn3,1.180901814
Re9Rh3,-1.031631727
Os3Zn9,1.166334743
Re9Rh3,-1.468954856
Rh9W3,1.52077744
Os3Zn9,0.754322963
Ir9Zr3,1.072436693
Nb3Tl9,2.133800394
Re9Rh3,-0.784246913
Rh9W3,0.862523452
Os3Zn9,0.49113609
Ir9Zr3,0.356635118
Nb3V9,-3.068218907
Nb3Tl9,1.884676365
Ir9Zr3,-0.461800042
Nb3V9,-3.01513181
Re9Zr3,-0.83605249
Ir9Zr3,-0.310602844
Re9Zr3,-1.430462585
La9Zr3,-1.822306785
Re9Zr3,-1.894309059
La3Sc9,-3.712315221
Re9Zr3,-1.628345946
Ti9Zn3,-3.588972548
La3Sc9,-3.690138623
Ir9W3,1.829105005
Ti9Zn3,-3.333296563
La3Sc9,-3.408458895
Hg9V3,2.491068313
Ir9W3,1.132019011
Mo9Ru3,-1.70407822
La3Sc9,-3.471111609
Nb9Sc3,-2.584683501
Mo9Ru3,-1.906914052
Nb9Sc3,-2.569502814
Mo9Ru3,-1.303421069
Hf3W9,-1.408924231
In9W3,-1.191606228
La3Ti9,-3.052102149
Mo9Ru3,-1.605506615
Cr3In9,0.901678729
Cu3Pd9,1.491179482
Cr3In9,0.709124718
Al3Zn9,0.519157149
Cu3Pd9,1.526073456
Al3Zn9,-0.500559937
Cu3Pd9,1.316093411
Ag9Ta3,-2.585715629
Ag3W9,-0.942865879
Cu3Pd9,1.425785901
Hf9Os3,0.531892893
Ag9Pd3,2.228581726
Ag3W9,3.444507584
Ag9Pd3,2.538899259
Ag9Pd3,1.956591019
In9Pb3,0.487354252
Au9Zr3,2.280595878
Ag9Pd3,1.979604638
Re3Rh9,-0.742682069
Ir3Os9,0.02011656
In9Pb3,0.651481755
Au9Zr3,3.157226528
Ir3Os9,-0.376681745
In9Pb3,0.504247079
Hf9Zn3,-3.721328039
Ir3Os9,0.569376166
Cd9Sc3,1.09482173
In9Pb3,0.695031126
Hf9Zn3,-3.3628069
Nb9Re3,-0.725687607
Os3Sn9,0.417631068
Ir3Os9,0.41423672
Ru9W3,0.13610073
Al3Mo9,-0.514748497
Ru9W3,-0.453604381
Ag9W3,-2.524683624
Al3Mo9,1.928534721
Ru9W3,-0.76895017
Hg9W3,-1.66492961
Ru9W3,-1.095067041
Au9Y3,2.1535579
Tl9W3,1.9102884
Ag3V9,-2.994080812
Au9Y3,1.835817645
Cd9La3,-0.786876757
Au9La3,2.454915268
Au9Y3,0.249095593
Al9Pd3,-1.753650014
Au9Y3,0.055297886
Hg9Zr3,2.134756058
Ag3Zr9,-3.558998257
Al9Pd3,-1.848337195
Cu9Nb3,-1.713750643
Nb3Pt9,-1.238197423
Cu9Sc3,0.235050981
Nb3Pt9,2.637851007
Cu9Sc3,-1.055664004
Rh9V3,1.060419058
Ir9Ni3,2.312561227
Rh9V3,0.492803604
Au9Pb3,3.21644122
Cd9Ru3,1.534991307
Rh9V3,-0.710801483
Cd9Ru3,1.5920197
Rh9V3,-0.696596189
Cd9Ru3,0.868655946
Cd9Ru3,0.748949939
Hf3Pb9,1.04024032
Ir3Pb9,1.046468598
Ir9V3,1.401806277
Ir9V3,0.734684235
In9Ni3,1.390804034
Ir9V3,-0.337552047
La3Ta9,-2.736501934
Ir9V3,-0.291547801
Cu9V3,0.680769776
Al9Ga3,-1.368414099
Cd3Pt9,1.605545799
Cd3Pt9,1.437315092
Hg3V9,-2.827325098
Co9Zr3,-0.739522147
Cd3Pt9,1.327219057
Ni9Ta3,0.896463531
Hg3V9,-2.787465999
Ti9Y3,-3.347708664
Cd3Pt9,1.765773638
Cr3Hg9,2.568600348
Cr3Hg9,2.920948585
Ti3Zn9,0.436948837
Al9Cd3,-1.688431266
Co9Nb3,-1.113178257
Cd9Hf3,1.289516869
Cu9Hg3,0.937672043
Hf9Pd3,2.120212798
Cu9Hg3,0.859899186
Cr3Pt9,2.121498944
Pd3Tc9,-0.927201782
Y9Zn3,-3.708135688
Pd3Tc9,-1.511655504
Ir9Re3,1.69530527
Ir9Re3,1.279335457
Ir9Re3,-0.009423166
In3Tc9,-0.802223162
Al3Co9,-0.341126942
Ir9Re3,0.041305248
In3Tc9,-1.161417646
Cr3Y9,-3.481476425
Pd9Rh3,1.550782209
Ga9Pd3,0.471023612
Pd9Rh3,1.687650708
Hg3Y9,-3.85889832
Ga9Pd3,0.362813191
Pd9Rh3,0.901709478
Hg3Y9,-3.850638848
Ga9Pd3,0.708813284
Mo3Zn9,1.004710144
Sn3V9,-0.647647671
Ir9Mo3,-0.581970003
Pd9Rh3,0.979572267
Co9Hg3,-0.200580961
Ag3Tl9,1.232847257
Sn3V9,3.287249867
Ag3Tl9,1.206554121
Sc3Tc9,-0.849354911
Ag3Os9,-0.519316744
Sc3Tc9,-1.422605162
Ag3Os9,-1.001484915
Sc3Tc9,-1.656623335
Au9Pt3,2.49001496
Al3La9,-3.077894051
Sc3Tc9,-1.473717937
Au9Pt3,3.07057759
Hg9Y3,1.997198431
Al3La9,-2.710545131
Au3Ga9,0.230476068
Sc9Ti3,-3.594549658
Au9Pt3,2.057864034
Hg9Y3,2.593757001
Al3La9,-2.261199195
Pb3Zr9,-3.450854367
Au3Ga9,0.215305993
Mo3Pt9,2.348657808
Au9Pt3,2.171097269
Hf9W3,-3.566943437
La3Nb9,-1.409437845
Mo3Pt9,2.400079568
Cd3W9,-2.048399915
Ag9Cr3,-1.653934578
Ag3Cu9,0.633847554
In9Y3,0.882557698
Pd9Sn3,2.599636292
Ag3Cu9,0.660178649
In9Y3,1.057085935
Os9W3,0.362276446
Ag3Hg9,2.327151154
In9Y3,-0.807174273
Co3Re9,-1.102544729
Os9W3,-0.415973622
In9Y3,-0.836527465
Ga9Ti3,1.119569939
Co3Re9,-1.344640465
Os9W3,-0.529359241
Co3Re9,-0.506215959
Hf9La3,-3.483647894
Co3Re9,-0.954979843
Al3Hf9,-3.620536665
Al9Pb3,-1.715072708
Hg9Os3,2.652209366
Al3Hf9,-3.333802694
Hf9Rh3,-3.867457388
Al9Pb3,-1.443225268
Nb9Pd3,-2.794389935
Au3Cr9,-2.173081115
Hg9Os3,2.830295765
Al3Hf9,-2.550975807
Nb9Pd3,-2.572254429
Cr3Mo9,-0.983116142
Al3Hf9,-2.45641652
Sc3W9,-1.267876471
Nb3Sn9,0.902983923
La9Mo3,-1.412701307
Pb3Ta9,-2.708834895
Cr9Mo3,-2.406382132
Pb3Ta9,-2.511331678
Cr9Mo3,-2.480325395
Al9Cr3,-1.375538312
Pt9W3,2.803172001
Pt9W3,-1.602929425
Hf3Re9,-0.969077109
Hf3Re9,-1.39647856
Au3Co9,-0.15183027
Hf3Re9,-1.923245781
Nb3Zn9,-1.393782048
Au3Co9,-0.180547532
Hf3Re9,-1.745508096
Ir9Sc3,0.746102676
Ir9Sc3,0.093241167
Cd3Zn9,-0.142204651
Ag9Ru3,2.152789994
Ag9Ru3,-0.035262416
Ir9Sc3,-0.388829995
Cd3Zn9,0.406785835
Ag9Ru3,2.7706129
Pt3Ru9,-0.288319306
Ir9Sc3,-0.230468176
Cd3Zn9,0.261486433
Cd3Hg9,1.98652082
Ir9Ti3,-0.399357807
Pt3Ru9,-0.477115833
Co9Ta3,-1.19618604
Ir9Ti3,-0.372916097
Pd9Pt3,1.447428203
Cu9Pd3,0.809942759
Pd9Pt3,1.78622068
Cu9Pd3,1.098391319
Mo3Y9,-3.460046372
Ir9Mn3,0.231990109
Cd9Fe3,1.28473923
Pd9Pt3,1.303406919
Cu9Pd3,1.200080533
Ta9V3,-3.264780611
Ir9Mn3,0.300582252
Al3Pb9,0.869213915
Cd9Ni3,1.281502708
Pd9Pt3,1.432466295
Cu9Pd3,1.248360059
Ta9V3,-3.02419116
Al3Pb9,0.960812739
Al9Nb3,-0.909377782
Ta9V3,-3.297365291
Al3Pb9,-0.582672737
Ir3La9,0.706525078
Ta9V3,-3.108227261
Al3Pb9,-0.516904047
Ir9Ti3,1.159453257
Ir9Mn3,0.72570992
La9Ta3,-2.769745673
Ir9Ti3,0.461541262
Ir9Mn3,0.525621077
W3Zn9,-1.129074196
La3Re9,-0.034206614
La9Ta3,-2.611050923
Cu9Rh3,0.851170046
Nb3Sc9,-3.456918696
La3Re9,-1.647061935
La9Ta3,-2.910801596
Cu9Rh3,1.376123084
La9Ta3,-3.057946338
Cu9Rh3,0.729778702
W3Zn9,1.271662391
Mo9Ta3,-2.110345678
Cu9Rh3,0.619073405
W3Zn9,1.486932057
Mo9Ta3,-2.21408799
Ga9Pb3,0.142881806
Nb3Pd9,2.12428226
Ga9Pb3,0.375142941
Cu9Re3,0.817871476
Ga9Pb3,0.193141913
Pd9Ru3,1.797331769
Cu9Re3,1.812852598
Pd9W3,2.346196266
Cd9Ta3,-2.146392054
Ga9Pb3,0.480862977
Pd9Ru3,1.868163001
Cu9Re3,-1.214442701
Hf3V9,-2.668953755
Sn3Ta9,-2.687091503
Mo3Re9,-0.838576074
Pd9Ru3,0.305823301
Pt9Re3,2.190673955
Hf3V9,-2.531532865
Sn3Ta9,-2.413512331
Mo3Re9,-1.417765617
Pd9Ru3,0.278496405
Pt9Re3,2.474261882
Pb9Zr3,1.115703882
Mo3Re9,-1.08118801
Mo3Re9,-1.46600038
Ag9Rh3,1.323720762
Ta3Tc9,-1.171009251
Ta3Tc9,-1.538305381
Ta3Tc9,-1.539786089
Ag9Mo3,1.898704786
Al9Pt3,-1.95153528
In9Re3,0.463877087
Ta3Tc9,-1.718178887
Ag9Mo3,2.740839156
Al9Pt3,-1.968524571
In9Zr3,1.261746291
Fe9Hf3,-0.869751068
In9Zr3,1.113502481
Al3Re9,-1.00687998
In9Zr3,-0.680152621
Al3Cu9,1.226763744
Al3Re9,-1.356644223
In9Zr3,-0.607089375
In3Pt9,1.948647063
Hg3Zr9,-3.249023315
Hf9Mo3,-3.836472738
Co9Zn3,-0.282763422
In9Sn3,0.607965174
Al3Cu9,1.288276302
Al3Re9,-0.588562641
In3Pt9,1.773092548
Hf9Mo3,-3.65769
Al3Cu9,-0.098500992
Al3Re9,-0.573317191
In3Pt9,1.316948529
Hf9Mo3,-3.034277332
Ag3Hf9,-3.826789023
Au9Zn3,2.703966371
Pd9Zn3,1.548362573
In3Pt9,1.711390463
Hf9Mo3,-2.872200751
Hg3Zr9,-3.643761581
Ag9Nb3,1.778873607
Ag3Al9,-1.789182639
Tc9Ti3,-1.191069211
Fe3Zn9,0.725366377
Tc9Ti3,-1.545063464
Rh3Sn9,1.99741653
Co9Cu3,-0.255640067
Tc9Ti3,-1.697911304
Co9Cu3,-0.25966259
Tc9Ti3,-1.775006325
Co9Cu3,0.22085902
Co9Cu3,0.224185884
Nb3Pb9,-1.749490346
Pt3Tc9,0.039774744
La3Rh9,0.350888618
Pt3Tc9,2.46746475
La3Rh9,-0.307604014
Ni3W9,-0.947603517
Cd9V3,-1.680269076
Hf9Re3,-0.34788244
La3Rh9,0.014084748
Au3In9,2.661353071
Ni3W9,1.811643188
Cd9Tl3,3.029770855
Mo3W9,-1.213959019
In9Sn3,0.526949265
Au3Pb9,1.246203557
Pd3Zn9,0.453728193
Cu3Hg9,2.235531785
Hf9Pb3,-3.66881864
Ag9Sc3,1.684150779
Ru9Sn3,-0.234504849
Pd3Zn9,0.348238774
Os9Sn3,-0.185156732
Os9Sn3,-0.561585139
Mo3W9,-0.913061795
Co9Tc3,0.013662156
Mo9Os3,-0.706238951
Mo9Os3,0.149284237
Sc3Y9,-1.167011354
Mn3W9,-1.048871771
Mn3W9,0.073747068
Ru9Ta3,0.700188091
Au9Cd3,2.425515817
Ru9Ta3,-0.485877218
Ag9Cu3,2.139305529
Au9Cd3,2.590552588
Ag9Cu3,2.231052792
Au9Cd3,1.976280224
Sn3W9,-1.570399848
In9Ta3,-1.3984288
Ag9Cu3,1.368865808
Au9Cd3,2.124059535
Sn3W9,-1.755469231
Ag9Cu3,1.442969481
Mo9Ti3,-1.921315677
La9W3,-1.852917551
Ni3Ta9,1.364669677
Hg9Nb3,-1.624866154
Mo9Ti3,-2.053638923
Cu3Pt9,3.285033908
Mo9Ti3,-2.544045612
La9V3,-2.108302375
Cu3Zr9,1.187949562
Ag3Pt9,1.833875025
Ru3Sn9,1.106076086
Hg3In9,0.258183923
Cd9Rh3,2.106850103
Cr9Rh3,-0.77645058
Cr9Rh3,1.532312074
Cu9Y3,1.117241461
Pb3Sn9,1.73064796
Nb3Y9,-1.777854812
Ni9Sc3,1.432888752
La3Y9,-3.62274174
Nb9W3,-1.156927768
Ga3La9,0.415537832
La3Y9,-3.420641023
Ru3W9,-1.051744613
La9Sc3,-1.336033777
Fe9V3,-0.539141734
Pt3Re9,-0.20926044
La9Tc3,-3.020575176
Pt9Ta3,-1.323987705
Pt3Re9,2.828813152
La9Tc3,-2.693717475
Pd3Rh9,0.304412663
Ir3Pt9,1.368962953
Pd3Rh9,0.352540213
Au3Y9,1.838403407
Ir3Pt9,2.510224583
Al3Au9,1.108770149
Hg9Ir3,1.715346318
Pd3Rh9,0.809950922
Ir9Tc3,0.131761738
Nb9Y3,-1.329427805
Pd3Rh9,0.837024072
Nb9Y3,1.179483556
La3Tl9,1.288609777
La3Tl9,1.562385687
La3Tl9,-0.815932529
Pd9V3,-1.193206937
La3Tl9,-0.868684926
Mo9Sn3,-0.277465093
La9Tl3,1.743592551
Al9Os3,1.238625866
Ni3Rh9,1.9232051
Ga3Pt9,2.844728682
Ag9Ti3,-1.821964194
V9Zr3,-1.399227998
V9Zr3,-0.204379806
Ag3Ni9,1.7503656
Ir3Nb9,1.233949726
Au9Re3,-1.468960843
Cu3Mo9,-0.803552846
Al3Zr9,0.112058384
Hg9Mo3,-1.180601808
Ag3In9,2.68329361
Cu3Mo9,1.990432184
Co3Pd9,1.716830699
Co3Pd9,1.624892005
Co3Pd9,0.742845473
Co3Pd9,0.803245085
Ir9Rh3,1.503858082
Nb9Ru3,0.551713801
Cd9Ti3,-1.599590724
Ir9Rh3,2.127331024
Ir3Pd9,0.942200017
Cr3Hf9,-3.487306737
Mn3Os9,0.501598868
Mn3Os9,0.818241551
Nb9Tc3,-0.290171041
Al9Zr3,0.410094059
Cr3Zn9,-0.888183379
Pt9Re3,-0.969138743
Pd9Ru3,0.473006506
Pd9Pt3,2.060551022
Au9Pt3,2.478232975
Ag9Pd3,2.767654479
Ag9Au3,3.294764835
Au9Rh3,1.732008801
Cu9Ru3,0.382522804
Au3Cu9,3.471553522
Cd9Hf3,-1.703250858
Cu9Ta3,-1.903146772
Co9Cu3,2.604246445
Cr3Ir9,-0.210044536
Au9Ti3,3.334132088
Cu9Re3,-1.451187183
Cu3Pd9,2.724342935
Au9Ti3,-1.407177396
Cu3Pd9,2.723777211
Ag3Cr9,3.154381986
In3La9,1.24468693
Au9Mo3,3.489009217
Al3Hf9,0.189573004
Au9Mo3,-1.672572336
Ag9Sc3,-0.593663007
Al9Pd3,3.457394079
Au3Cr9,2.972906273
Hg3Pt9,4.449961823
Au3Ir9,3.629233696
Pd9Zn3,2.948027041
Hf9W3,-0.864358724
Cr3Tl9,-1.205964995
Hf3V9,-1.278664833
Hf3Mo9,-0.346827183
Hf3V9,-0.259660821
Mo9Pt3,-0.802635142
Ir9Re3,-0.488757271
In9Zr3,-0.539912496
Mo9Pt3,2.360626055
Ir9V3,-0.403851087
Hg9Rh3,2.288974807
Mo3Pt9,-1.149389262
Ag9Hg3,3.627627136
Au9Os3,-0.274332519
Sn3W9,-0.490748872
Ru3Zr9,0.779902616
Re3Zn9,-0.299831218
Mo9Zn3,-0.637788987
Au9Cr3,3.539122654
In9Nb3,-0.999314943
Au9Cr3,-1.169169217
Os9Ta3,0.396017746
Fe9Sn3,3.202871719
Pd3W9,-1.057550025
Co9Nb3,-0.57267405
Ga3Hf9,1.151381544
Fe9W3,-0.856275854
Os9Ta3,-0.197316275
Pd3W9,2.881665415
Ir9Ti3,0.17267351
Pd3Tc9,0.001045325
Pd3Tc9,2.824016738
Cr9Re3,-0.880894674
In9Re3,-0.341938114
Cr9Re3,-0.754890864
Ag3Hf9,2.458616153
Mo3Zn9,-0.91861006
Ag9Al3,0.695831957
Ir9Ta3,-0.395457191
La3Sn9,1.785561485
Fe9Ti3,-0.199463525
Al9Fe3,1.397958859
Ag3Zr9,2.30637812
Au9Zr3,3.160989862
Au9Zr3,-1.458287586
Al9Pt3,3.291025038
Au9Ir3,1.112514164
Ir9Pb3,1.498961802
Sc3V9,-1.396581147
Ag9Zn3,2.239516076
Sc3V9,0.760141437
La9Pt3,0.993823413
Co9Zr3,0.192505302
Cu9Tc3,-0.768083079
In3Pb9,2.315458287
La3Rh9,-0.339062959
Ag9Os3,-0.797905395
In3Pd9,3.182018275
Pd9Sc3,1.080448541
La3Re9,-0.862321544
Al9Ti3,0.05711996
Cr3Os9,0.490011036
Cr3Os9,-0.155048696
Cu3In9,1.66682638
Cu9Sn3,2.604738155
In9Tl3,2.889616037
Pb3W9,-0.422631704
Hg9Y3,-0.302856716
Au9Cd3,3.716359377
Ag9V3,-1.980808062
Mo3Re9,-0.368236692
Os3Rh9,0.228243237
Mo3Re9,-0.360002935
Pb3Zn9,0.34070639
Al9Zn3,2.324773151
Pd3Y9,1.503439843
Mo9Pb3,-0.235804192
Cr9Zn3,-0.508513416
Os3Ru9,1.2293076
Os3Ru9,0.55557496
Cr9Ga3,-0.314088351
Os3Ta9,0.287164863
Ti9Y3,0.710610868
Ru9Sn3,3.013410554
Cr9W3,-1.161849763
Ag3Ir9,3.993027993
Cr3Hg9,-0.978365443
V3Y9,-1.972373485
Cr3Y9,-1.565080294
Mo3Y9,-1.231346685
W3Y9,-1.674919045
Tc3Y9,-0.260327772
Os3Y9,0.352134355
Rh3Y9,1.224996773
In3Y9,1.572760299
Cr9Os3,-0.664983227
Y9Zn3,0.974704559
Cr9Os3,0.062111208
Hf9Ta3,-1.057810166
Cd3Y9,1.848354066
Cr9Mo3,-0.918411689
Cr9Tc3,-0.942891458
Cr9Tc3,-0.307477617
Sn3Y9,1.544990538
Hf9V3,-1.104139316
Au3Co9,1.337706461
Au3Co9,3.373631453
Ag9Cu3,2.309041162
La3Y9,-0.509858747
La3Ti9,-2.909980084
Nb9V3,-1.101367837
Hf9Sc3,-0.999243513
Hf9Sc3,-0.158145624
Hf9Zr3,-0.783022809
Hf9Zr3,-0.510462704
Sc3Ta9,-1.210473105
Sc3Ta9,0.725147053
Nb9Zr3,-1.240468213
Nb9Ti3,-0.75710315
Nb9Zr3,-0.37168832
Nb9Sc3,-1.220924181
Nb9Sc3,0.552546197
Cr9Ta3,-1.101432872
Mo9V3,-1.056446468
Mo9W3,-0.968416008
Mo9W3,-1.273688007
Mo9Ti3,-0.600290883
Mo9Ta3,-1.160981992
Mo9Ru3,-0.784805291
Cr3W9,-0.840190525
Mo9Re3,-0.891129147
La3W9,-1.490918933
Nb3W9,-1.478515576
Nb3W9,-0.944713668
Mo9Ru3,0.623326816
Mo9Re3,-0.829651148
Re3W9,-1.21029419
Re3W9,-0.767436945
Ir3Os9,0.916833701
Ir3Os9,1.966233917
Re9Y3,-1.845145844
Ir3Mo9,-0.687963921
Co9Pd3,3.049847414
Ir3Mo9,1.352621973
Mo9Tc3,-0.909880376
Mo9Tc3,-0.350396636
Re3Tc9,-0.021520395
Re3Tc9,-0.4780217
Mo3Os9,0.494782688
Mo3Os9,-0.425445089
Cr3Ru9,0.792274272
Cr3Ru9,-0.469829033
Ir9Y3,2.330571489
Ru9Y3,-1.162387596
Ir9Zr3,0.575575192
Hf3Ir9,0.729950951
Ir9W3,-0.886840089
Rh9W3,-1.120603292
Hf3Rh9,0.422032237
Ni9Zr3,-0.941507079
Ni9Zr3,-0.766163724
Hf3Ni9,-0.984063778
Ni9Ru3,-0.065713587
Co9Pd3,1.026774767
Ni9Ti3,-1.027231374
Ni9Re3,-0.803022088
Co9Fe3,0.369840531
Ni9Re3,-0.911063391
Ni9Ta3,-1.159899795
Ir3Ni9,0.28395392
Ir3Ni9,0.24787802
Nb3Ni9,-1.071317489
Ni9Rh3,0.329325773
Ni9Rh3,0.320620171
Ni9Os3,-0.263983349
Ni9Os3,-0.38898061
Ag9Zn3,1.168882001
Co3Ni9,0.049269612
Fe9Y3,-0.892418559
Fe9Y3,-0.815992122
Co3Ni9,0.129476118
Fe9La3,-1.286607563
Fe9Zr3,-1.223632258
Fe9La3,-0.74073972
Fe9Sc3,-1.39802852
Fe9Zr3,-1.555145282
Fe9La3,-0.887055059
Fe9Sc3,-1.109658057
Ag9Hg3,2.084345337
Fe9Hf3,-1.88068187
Fe9Hf3,-1.636001596
Fe9Hf3,0.079291251
Co9Tc3,-0.583517106
Co9Tc3,-0.720108593
Co9V3,-1.059437951
Fe9Ti3,-1.591242951
Co9V3,-1.041268638
Ni9Y3,-0.568157913
Fe9Nb3,-1.446028449
Fe9V3,-1.408497828
Fe9Mo3,-1.23032449
Fe9Ta3,-1.53891029
Fe9Mo3,-1.208903552
Fe9Ta3,-0.684526307
Co9Y3,-0.870909865
Fe9W3,-1.011502105
Fe9W3,-1.315209857
Co9Ni3,-0.184680941
Fe9W3,-1.283633631
Ni9Sc3,-0.847958151
Co9Ni3,0.022463133
Ni9Sc3,-0.636158344
Mn9V3,-1.72182358
Mn9Re3,-1.492091199
Mn9Re3,-1.268933906
Mn9Tc3,-1.242962409
Co9Mo3,-0.680740932
Co9Rh3,1.345903754
Mn9Tc3,-1.45036227
Mn9Os3,-1.056009589
Mn9Os3,-1.146043759
Cr3Pt9,-0.609633912
Ni9Ta3,-1.226832589
Pt9Sc3,0.198037377
Pt9Y3,0.70759122
Pt9Sc3,0.526192652
Pt9Zr3,0.000948453
Hf3Pt9,-0.013650591
Pt9V3,-0.899218411
Pt9Zr3,0.247719513
Hf3Pt9,0.263522661
Pt9Rh3,1.93156158
Fe3Pt9,1.091748612
Os3Pt9,0.170943546
Ni3Pt9,0.995145342
Ni3Pt9,1.338889884
Co9W3,-1.053374575
Mn3Pt9,0.718503393
Co9Sc3,-1.209211857
Ni9V3,-1.055987276
Pd9Y3,1.757413077
Co9Sc3,-0.982314495
Pd9W3,-1.922120182
Mo3Ni9,-0.85982109
Mo3Ni9,-0.909783775
Co9Ir3,0.100447286
Mo3Ni9,-0.927346139
Ir3Pt9,1.943053627
La3Pd9,0.40750163
Pd9Zr3,-0.574642521
Hf3Pd9,-0.183357516
Pd9Ti3,-0.718731289
Nb3Pd9,-1.613509211
Pd9Sc3,0.013610046
Pd9Zr3,-0.470040601
Pd9Ti3,-0.690119607
Pd9Sc3,0.19791615
Pd9Tc3,-0.611439931
Ni3Pd9,1.906646973
Co9Zr3,-1.216269402
Ni3Pd9,0.928317449
Co9Zr3,-1.032771475
Au9Y3,2.848239767
Ir3Pd9,0.721435556
Co3Pd9,1.209393221
Au9Y3,0.757054441
Au9Ta3,-2.209268582
Co9Os3,-0.293633689
Os3Pd9,-0.232995161
Co9Os3,-0.481956602
Os3Pd9,-0.231816908
Mn3Pd9,0.637707625
Au9La3,0.065265552
Mn3Pd9,0.744323051
Au9La3,0.168440099
Au9Tc3,-0.790948397
Au9La3,-0.069853799
Au9Tc3,-1.30258187
Fe3Pd9,0.587287243
Au9Ru3,0.419291506
Au9Nb3,3.355647585
Au9W3,-2.109534642
Au9Nb3,-1.976143895
Au9V3,3.458797234
Au9V3,-1.544423317
Au9Rh3,1.686944164
Ag9Nb3,-2.3322322
Au9Fe3,0.880944335
Au9Fe3,0.934150073
Ag9Ti3,-1.809675669
Ag9Sc3,-1.012686073
Ag9Sc3,-1.092373794
Ag9Y3,-0.686088513
Ag9Hf3,-1.906752553
Ag9Y3,-0.848574216
Ag9Zr3,-1.827264155
Ag9Hf3,-1.944929036
Ag9Mo3,-2.078496794
Au9Mn3,1.057607441
Ag9Zr3,-1.84500761
Au9Mn3,1.103043377
Ag9Ru3,-0.043565834
Ag9Ir3,0.642869352
Co9Hf3,-1.249298307
Ag9Ir3,0.561225676
Co9Hf3,-1.068025048
Ag9Co3,0.439213913
Cu9Y3,-0.871347832
Ag9Au3,2.571305704
Cu9Y3,-0.892059232
Cu9La3,-0.802925623
Cu9La3,-0.866167465
Ag9Pt3,1.804560473
Ag9Fe3,0.232713387
Ag9Ni3,1.007069507
Ag9Fe3,0.198836031
Ag9Ni3,0.949266813
Ag9Fe3,0.461732013
Cu9Sc3,-0.906190512
Cu9Sc3,0.267107216
Cu9W3,-1.956390199
Cu9Hf3,-1.347139831
Cr3Cu9,-1.204265372
Cu9W3,-1.717285129
Cu9Rh3,1.663679111
Cr3Cu9,-1.299807398
Cr3Cu9,-1.290635529
Cu9Mn3,0.017391204
Cu9Tc3,-0.574294624
Cu9Tc3,-0.766864417
Cu9Pd3,2.969141715
Cu9Ta3,-1.724873432
Cu9V3,-1.434834774
Cu9Ta3,-1.837978909
Cu9V3,-1.519254827
Cu9Ni3,0.551178009
Cu9V3,-1.528500439
Ag3Cu9,3.624091969
Ag3Cu9,0.990585123
Cu9Mo3,-1.371801236
Cu9Os3,-0.233421156
Co9Ti3,-1.174131077
Cu9Os3,-0.412813973
Cu9Os3,-0.349865062
Cd3Cu9,1.04694262
Al3Cd9,-0.36765532
Co9Ti3,-1.076286968
Cd3Cu9,0.904007479
Al3Cd9,-0.434656414
Al3Cd9,0.494286761
Al9Sn3,-1.876572271
Hf3Zn9,-1.733121202
Cu9W3,-1.740281198
Al9Ga3,-2.040169424
La3Zn9,-0.992743121
Sc3Zn9,-1.175724168
Hf3Zn9,-1.890928181
Al9Ga3,-1.722058414
Sc3Zn9,-1.371707629
La3Zn9,-0.418476525
Ti3Zn9,-1.536048877
Ti3Zn9,-1.645258093
Ti3Zn9,-1.211933948
Cu9Fe3,0.168629354
W3Zn9,-1.318433182
Tc3Zn9,0.414237808
Cu3Zn9,0.448368503
Cu9Fe3,-0.018558708
Cu9Fe3,-0.019276272
Ta3Zn9,-1.728839491
Re3Zn9,-0.009108875
Au3Zn9,0.122355851
Ag3Zn9,0.139685285
Al9In3,-1.437818775
Ta3Zn9,-1.869537584
Cr3Zn9,-0.776519152
Re3Zn9,-0.114046719
Al9In3,-1.854558669
Mo3Zn9,-0.818033792
Ru3Zn9,0.782762532
Rh3Zn9,0.672603639
Al9In3,2.831390615
V3Zn9,-1.402959087
Mo3Zn9,-0.747267459
Ru3Zn9,0.576252211
Rh3Zn9,0.568278867
Cd9Nb3,-1.731998869
V3Zn9,-1.391135469
Ru3Zn9,1.584946237
Mn3Zn9,-0.148768037
V3Zn9,-1.465306898
Fe3Zn9,-0.007440273
Mn3Zn9,-0.162446247
Fe3Zn9,-0.043478757
Fe3Zn9,0.723806892
Cd9La3,-1.139134108
Cd9Zr3,-1.696408011
Cd9La3,-1.307210799
Cd9Zr3,-1.765552002
Cd9Hf3,-1.936345477
Cd9Os3,1.743570782
Cd9Rh3,1.30187383
Co9Ta3,-0.852725857
Cd9Hf3,-1.992455895
Cd9Tc3,0.031676364
Cd9Os3,0.473677811
Cd9Ti3,-1.664183746
Cd9Tc3,0.026700082
Cd9Os3,0.336099639
Cd9Y3,-1.084932025
Cd9Ti3,-1.662238132
Cd9Y3,-1.217254182
Cd9Sc3,-1.271325242
Cd9Ti3,-1.694180623
Co9Ta3,-1.123458446
Cd9Y3,-0.224608613
Cd9Sc3,-1.35081364
Cd9Sc3,-0.67441238
Cd9Ni3,1.638437695
Co9Ta3,-0.516667716
Cd9Zn3,1.784096288
Hg9Y3,-0.829359714
Cd9Pt3,1.171171703
Cd9Pd3,1.146318322
Hg9Ti3,-1.439697993
Hg9La3,-1.07140511
Hg9Ti3,-1.451258613
Hg9La3,-0.899834613
Hg9V3,-1.445369253
Ag3Cd9,1.07978676
Cd9Zn3,0.944438289
Hg9Zr3,-1.440837333
Cd9Zn3,0.839689836
Cd9Mn3,-0.006121473
Cd9Zn3,0.405361863
Hg9Ni3,1.092745501
Hg9Os3,0.422209927
Ag3Hg9,1.877332557
Cd3Hg9,2.043928268
Cd9Fe3,0.052141365
Hg9Re3,-0.825548896
Hg9Ru3,1.100985653
Ag3Hg9,1.823955795
Cu3Hg9,1.229375356
Hg9Zn3,2.455815829
Al3Hg9,0.418366864
Cd9Fe3,0.00275937
Hg9Tc3,-0.13453417
Fe3Hg9,0.722914223
Cd9Fe3,0.505512817
Co9Nb3,-1.058206092
Al9La3,-1.912516468
Al9La3,-1.408829127
Al9La3,-1.964681507
Al9Tc3,-1.459826662
Al9Tc3,-1.714961821
Al9Cr3,-1.133713464
Al9Rh3,-1.563164069
Al9Cr3,-1.122372984
Al9Rh3,-1.705803422
Al9Sc3,-2.153206737
Al9Sc3,-2.092347388
Al9V3,-1.320373625
Al9V3,-1.201911179
Al9Os3,-1.750587645
Al9Ni3,-1.66795919
Al9Nb3,-1.226376662
Al9Mo3,-0.991337245
Al9Ni3,-1.026063053
Al9Nb3,-1.145189593
Al9Mo3,-1.060715934
Al9Ni3,2.470821138
Al9Ru3,-1.631867235
Al9Ir3,-1.684650789
Al9Ir3,2.577403911
Al9Fe3,-0.987516903
Al9Fe3,-0.949580697
Al9Mn3,-1.216318518
Al9Mn3,-1.060785051
Al9Au3,-2.180695541
Ga9Y3,-0.850561192
Ga9Zr3,-0.384676177
Al9Mn3,1.161000224
Ga9Ti3,-0.317613994
Ga9Ta3,-0.07710196
Ga9Hf3,-0.624600989
Ga9Ti3,-0.387600584
Ga9Ta3,-0.569561476
Ga9Sc3,0.749537024
Ga9Hf3,-0.646437173
Ga9Ti3,-0.365397184
Ga9Sc3,-0.808150617
Ga9Nb3,0.256680222
Ga9Sc3,-0.834758317
Ga9Nb3,0.206541342
Ga9Nb3,0.087586642
Ga9V3,0.089212114
Ga9V3,0.029508705
Ga9W3,0.73903207
Ga9W3,0.06422975
Ga9Mo3,0.644356726
Ga9Re3,0.133797694
Ga9Os3,0.141132659
Cr3Ga9,0.074949403
Ga9Ir3,0.237617695
Ag3Al9,-1.396615433
Ag3Al9,-1.919567754
Ag3Al9,3.454738248
Ga9Rh3,0.261467657
Fe3Ga9,0.905423287
Ga9Mn3,-0.054063986
Al9Cd3,-1.550645472
Ga9Mn3,-0.043773048
Al9Cd3,-1.949734838
Al9Cd3,3.260501349
Ga9Ni3,0.37107824
Ga9Pd3,0.809531731
Ag3Ga9,0.38474026
Ga9Tl3,0.042850174
Ga9Hg3,-0.063355993
Ga9Hg3,-0.051151687
Ga9Zn3,0.124951273
Ga9Zn3,0.089262727
Cu3Ga9,0.260868598
Cu3Ga9,0.255352987
Hf3In9,-1.016240015
Hf3In9,-0.948107064
In9Ti3,-0.795760186
In9Ti3,-0.659635238
In9Y3,0.576618748
In9V3,-1.060760833
In9Mo3,0.206561479
In9Re3,0.683292407
In9La3,-0.706636237
In9La3,-0.842026069
In9Mn3,0.037749809
Ga9Sn3,0.195124534
In9La3,-0.911846262
In9Ru3,0.54771536
Fe3In9,1.162287322
Ga9Sn3,0.230913899
In9Ru3,1.374540334
Fe3In9,0.112997857
Au3In9,0.554976854
Cu3In9,0.634373822
In9Pd3,2.546047826
Cu3In9,0.658146095
Hg3In9,0.265980937
In9Sn3,0.381051621
Al3In9,-0.5890485
In9Sn3,1.771087749
Ga3In9,0.455301147
In9Pb3,2.386671294
Ta3Tl9,-1.977986513
Ga3In9,0.248024281
Hf3Tl9,-1.437889388
Tl9Y3,-0.728134319
Sc3Tl9,-0.938529065
Tl9Zr3,-1.189212987
Tl9Y3,-0.77401761
Sc3Tl9,-0.957672954
Ti3Tl9,-1.476651596
Nb3Tl9,-1.604048221
Tl9W3,-1.78008669
Tl9V3,-1.551508481
Mn3Tl9,-0.131477243
Mn3Tl9,-0.187556912
Cu3Tl9,1.288458074
Tl9Zn3,1.047484126
Hg3Tl9,0.885852044
In3Tl9,0.78218429
Cd3Tl9,1.021803383
Hf3Pb9,-1.639173627
Hf3Pb9,-1.115224009
Pb9Y3,-0.409952015
Pb9Sn3,0.782939542
Pb9Y3,-0.30408667
Pb9Sn3,0.849555187
Pb9Sc3,-0.753814518
Pb9Sn3,0.691235818
Pb9Sc3,-0.758028201
La3Pb9,-0.348112921
Pb9Sc3,-0.669134324
La3Pb9,-0.315026871
La3Pb9,-0.272812083
Pb9V3,-1.601182998
Pb9Zr3,-1.489327339
Pb9Ti3,-1.581481684
Pb9Ti3,-1.193059724
Os3Pb9,-0.155193597
Pb9Tc3,1.165917593
Mo3Pb9,1.45217795
Pb9Re3,1.380957459
Pb9Rh3,1.568045247
Pb9Re3,1.042879824
Pb9Ru3,1.319962461
Pb9W3,1.09987951
Au3Pb9,0.91684962
Pb9Pt3,1.088370183
Pb9Pd3,1.156252381
Au3Pb9,0.932263236
Pb9Pd3,1.135893096
Mn3Pb9,1.084087519
Mn3Pb9,-0.026995734
Mn3Pb9,0.078663213
Cu3Pb9,1.014322293
Cu3Pb9,0.598929906
Ag3Pb9,1.007762445
Ag3Pb9,1.076495815
Ga3Pb9,1.128642079
Pb9Tl3,0.827263757
Pb9Zn3,0.792629516
Pb9Zn3,0.508647432
La3Sn9,-0.24244894
Sc3Sn9,-0.373144129
In3Pb9,1.113963578
La3Sn9,-0.231643572
Sn9Y3,-0.190463496
Sn9Zr3,-1.032287113
Hg3Pb9,1.208998112
Sn9Y3,-0.215387491
Sn9Zr3,-0.592123386
Hg3Pb9,1.111622447
Sn9Y3,-0.180302493
Hf3Sn9,-0.890074298
Sn9W3,0.940771691
Mo3Sn9,1.021470043
Mo3Sn9,-0.52835378
Mo3Sn9,-0.604646473
Sn9Tc3,1.233136378
Sn9Tc3,0.163266943
Sn9Ta3,0.758134053
Sn9Ta3,-0.984999034
Sn9V3,-1.13825967
Mn3Sn9,-0.009319627
Mn3Sn9,0.126198235
Ru3Sn9,1.225031603
Ni3Sn9,0.482837571
Fe3Sn9,0.17133988
Au3Sn9,0.909308937
Ir3Sn9,1.49672489
Pd3Sn9,0.970401079
Au3Sn9,0.596064819
Pt3Sn9,1.082590621
Pd3Sn9,0.842002395
Au3Sn9,0.853891185
Pt3Sn9,0.905291856
Pd3Sn9,2.682650605
Al3Sn9,0.833789047
Pt3Sn9,2.229353577
Cd3Sn9,0.464993162
Cu3Sn9,0.354693994
Bi9Hf3,-1.546343352
Bi9Nb3,-1.933830057
Sn9Tl3,0.641971376
In3Sn9,0.404141841
Pb3Sn9,0.902758613
Pb3Sn9,0.461220303
Pb3Sn9,0.576164182
Ga3Sn9,0.271021982
Ga3Sn9,0.413211123
Fe12,-2.005018438
Co12,-0.253032128
Co12,1.332403778
La3Y9,-3.416541764
Hf9Nb3,-3.758674847
Hf9Nb3,-3.460048957
Hf9V3,-3.694016381
Cr9Ru3,-1.951581267
Hf9Nb3,-3.353739659
Hf9V3,-3.379691292
Cr9Ru3,-1.742524368
Cr9Re3,-2.055786309
Cr9Tc3,-2.040386162
Cr9Os3,-1.89387735
Cr9Os3,-2.054364106
Cr9Os3,-1.662404394
Cr9Ir3,-1.90530205
Cr3Hf9,-3.738022767
Cr9Ir3,-2.07886959
Cr3Hf9,-3.119851556
Cr9Ir3,-1.39253876
Sc9Y3,-2.863160449
Sc9Y3,-3.653256313
Y9Zr3,-3.48058362
Nb3Y9,-3.414689621
Sc9Y3,-3.726567183
Sc9Zr3,-3.574860181
Y3Zr9,-3.373565193
Sc3Zr9,-3.381956503
Y9Zr3,-3.250631644
Nb3Y9,-3.278204531
Sc9Zr3,-3.515074593
Hf3Sc9,-3.586383113
Y3Zr9,-3.169449337
Sc3Zr9,-3.457960892
Sc3Y9,-3.589819367
Cr3Y9,-3.486302228
Os3Y9,-3.646946674
Sc9Zr3,-3.590729179
Hf3Sc9,-3.498331973
Sc3Y9,-3.644520643
Hf3Sc9,-3.685835007
V3Y9,-3.449410667
V3Y9,-3.381228055
Mo3Y9,-3.456638282
W3Y9,-3.37838705
W3Y9,-3.007765825
Ni3Y9,-3.789417588
Mn3Y9,-3.774251596
Mn3Y9,-3.77905182
Au3Y9,-3.849671756
Ag3Y9,-3.849311885
Y9Zn3,-3.710905535
Cu3Y9,-3.747903629
Al3Y9,-3.64539685
Al3Y9,-2.571527613
La9Ti3,-2.08875739
Sn3Y9,-3.823834275
La9Re3,-1.016463013
La9Tc3,-0.501702543
In3Y9,-3.810878118
La9Mo3,-2.895264712
La9Mo3,-2.510361184
La9Ni3,-3.183542249
Ga3Y9,-3.734978358
Ga3Y9,-3.664377062
La9Pd3,1.089680411
La9Pt3,-3.270419082
Fe3La9,-3.060363661
Au3La9,1.597388643
Cd3La9,-2.467842308
Cd3La9,-3.219813935
Cd3La9,1.626842789
Al3La9,-2.098346274
La9Tl3,-3.25868703
Al3La9,-0.437205713
Sc9Ti3,-3.597640191
Nb3Sc9,-3.52476103
Sc9Ti3,-3.640087636
Sc9Ta3,-3.479195295
Nb3Sc9,-3.295889617
Sc9Ta3,-3.395489677
Sc9V3,-3.550021085
Sc9Ta3,-3.468705307
Sc9V3,-3.552953928
Sc9V3,-3.414385942
Ir3Sc9,-3.859304586
Cr3Sc9,-3.574587795
Ir3Sc9,-3.933588262
Cr3Sc9,-3.609795652
Cr3Sc9,-3.165773759
Sc9Tc3,-3.687906882
Os3Sc9,-3.76744358
Sc9W3,-3.485599766
Sc9Tc3,-3.735473061
Os3Sc9,-3.830929235
Sc9W3,-3.462558119
Sc9Tc3,-2.619145086
Sc9W3,-3.000449636
Pd3Sc9,-3.968487542
Cu3Sc9,-3.885584796
Pt3Sc9,-3.913448709
Fe3Sc9,-3.848814189
Pt3Sc9,-3.967380447
Fe3Sc9,-3.870802076
Sc9Zn3,-3.860169091
Cd3Sc9,-3.949952508
Hg3Sc9,-3.983926601
Sc9Zn3,-3.928017956
Cd3Sc9,-4.037392208
Hg3Sc9,-4.039846131
V3Zr9,-3.391447426
V3Zr9,-3.171294813
V3Zr9,-3.230594541
Sc9Tl3,-3.97541869
Pb3Sc9,-3.998199788
Ga3Sc9,-3.826520446
Sc9Tl3,-4.034314873
Pb3Sc9,-4.00402765
Fe3Zr9,-3.150267216
Ga3Sc9,-3.860438756
Fe3Zr9,-2.660869933
Ta3Zr9,-3.427559926
Nb3Zr9,-3.480649335
Ta3Zr9,-3.199367709
Nb3Zr9,-3.272012172
Ru3Zr9,-3.631985583
Ta3Zr9,-3.333273705
Nb3Zr9,-3.201828299
Mo3Zr9,-3.53729677
Re3Zr9,-3.544194039
Ru3Zr9,-3.416150328
Ir3Zr9,-3.586498762
Rh3Zr9,-3.578114934
Ni3Zr9,-3.079752044
Nb3Zr9,-1.092145218
Mo3Zr9,-3.398691913
Re3Zr9,-3.399347299
Ir3Zr9,-3.262674722
Ag3Zr9,-3.224228982
Pb3Zr9,-3.045348964
W3Zr9,-3.4774754
W3Zr9,-3.335423404
Au3Zr9,-3.595344638
Cd3Zr9,-2.541835639
Ga3Zr9,1.037856875
Mn3Zr9,-3.395192393
Pt3Zr9,-3.543584776
Au3Zr9,-3.203176759
Cd3Zr9,2.214897801
Mn3Zr9,-3.070297041
Pt3Zr9,-3.159224388
Hf9Mo3,-0.510801349
Mn3Zr9,-2.774372289
Al3Zr9,-3.03288683
In3Zr9,-3.517912605
Sn3Zr9,-3.381241524
Al3Zr9,-2.352588084
In3Zr9,-3.169781044
Tl3Zr9,-3.580485454
Sn3Zr9,-2.983424562
Hf9La3,-3.188004916
Hf9Ni3,-3.677194576
Tl3Zr9,-3.208211273
Hf9La3,-3.078099089
Hf9W3,-3.783444418
Hf9Re3,-3.849977884
Hf9W3,-3.075393597
Hf9Re3,-3.669131979
Hf9Re3,-2.774860189
Hf9Os3,-3.899474439
Hf9Pd3,-3.808676854
Hf9Pd3,-3.472150676
Ag3Hf9,-3.510268519
Hf9Ru3,-3.918663771
Hf9Rh3,-3.546239247
Hf9Pt3,-3.453291418
Cu3Hf9,-2.673543499
Hf9Ru3,-3.679436386
Hf9Rh3,1.776712206
Cu3Hf9,-3.675556587
Hf9Ru3,0.968786899
Cu3Hf9,-3.338509992
Hf9Mn3,-3.576069999
Hf9Tl3,2.823882177
Hf9Pb3,-3.347221852
Sc3Ti9,-3.302563617
Ta3Ti9,-3.366106553
Hf9Mn3,-3.269188991
Hf9Sn3,2.433434738
Hf9Zn3,-2.481685556
Ga3Hf9,-3.327689793
La3Ti9,-2.84733771
Hf9Zn3,1.281351821
La3Ti9,-3.254798659
Ti9Y3,-3.216510337
Ti9Y3,-3.133465683
Cd3Hf9,-3.539320753
Hf3Ti9,-3.455551732
Cu3Ti9,-3.326243644
Cd3Hf9,2.351271733
Hf3Ti9,-3.492709149
Ti9Zn3,-2.503187175
Os3Ti9,-3.642363733
Os3Ti9,-3.510471244
Re3Ti9,-3.625104368
Ni3Ti9,-3.518898337
Mn3Ti9,-3.41335327
Pd3Ti9,-3.616762582
Cd3Ti9,-3.709744425
Re3Ti9,-3.530044936
Ni3Ti9,-3.305830752
Mn3Ti9,-3.327927212
Pd3Ti9,-3.397489714
Cd3Ti9,-3.490960001
Ti9W3,-3.585944738
Re3Ti9,-2.768410003
Mn3Ti9,-2.920064487
Ag3Ti9,-2.739843492
Ti9W3,-3.437778208
Ru3Ti9,-3.70585347
Ag3Ti9,-3.703544856
Ti9W3,-3.020297892
Ru3Ti9,-3.581494044
Ag3Ti9,-3.481887181
Ta9Zr3,-3.03220192
La3Ta9,-2.326647063
Hg3Ti9,-3.46520429
Sn3Ti9,-3.41270836
Ta9Y3,-2.751476086
Sn3Ti9,-3.136902889
Cr3Ta9,-3.110205937
Mo3Ta9,-3.243751517
Re3Ta9,-3.148210988
Pb3Ti9,-3.47457385
Al3Ti9,-3.428410145
Al3Ti9,-3.224956887
Ta9Zr3,-3.307950927
Al3Ti9,-2.531140205
Pd3Ta9,-2.270092284
Au3Ta9,-3.177943507
Ta9Tc3,-3.184707032
Pd3Ta9,-1.237190602
Ru3Ta9,-3.286021273
Fe3Ta9,-2.598895326
Ir3Ta9,-3.113702463
Ir3Ta9,-2.780977852
Cd3Ta9,-2.93539851
Mn3Ta9,-3.087239121
Ta9Zn3,-2.899323018
Cd3Ta9,-2.799324856
Rh3Ta9,-2.5849582
Mn3Ta9,-2.719796729
Ta9Zn3,-2.583282659
Rh3Ta9,-2.780129946
Mn3Ta9,-2.741922986
Cu3Ta9,-2.968345237
Cu3Ta9,-2.597542648
Pb3Ta9,-0.800443673
La3Nb9,-2.630153587
Nb9Sc3,-3.112721901
Nb9Y3,-2.916405236
Nb9Zr3,-2.464294624
Nb9Ti3,-3.131811503
Nb9V3,-2.982698834
Cr3Nb9,-2.966736228
Nb9Zr3,-3.003062337
Hf3Nb9,-3.221185525
Hf3Nb9,-3.07613225
Mo3Nb9,-3.142339588
In3Ta9,-2.699579623
Hg3Ta9,-2.959292146
In3Ta9,-2.566292007
Nb9Ta3,-3.012300874
Hg3Ta9,-2.819760877
Ga3Ta9,-2.707086972
Nb9Re3,-2.987399057
Ga3Ta9,-2.436919836
Nb9Re3,-2.986314411
Ir3Nb9,-2.550593351
Nb9Rh3,-2.251013566
Nb9Ni3,1.099672975
Fe3Nb9,-2.415510463
Nb9Pd3,-2.067819183
Nb9Rh3,-2.579465854
Mn3Nb9,-2.544834198
Nb9Pd3,2.362768679
Mn3Nb9,-2.509907162
Cd3Nb9,-2.736828334
Al3Nb9,1.020586354
Nb9Zn3,-2.661189939
Nb9Pb3,-0.80422347
Ti3V9,-3.273417232
Nb9Pb3,3.768155293
Ti3V9,-3.119741078
Ta3V9,-3.299292401
Nb9Zn3,-2.391229609
Nb9Pb3,-2.498659337
Ta3V9,-3.091406136
Nb9Pb3,-2.268235787
Mo3V9,-2.590803749
Ga3Nb9,-2.527931575
Nb3V9,-3.024215923
Cu3Nb9,-2.659812907
Ga3Nb9,-2.263044535
Cu3Nb9,-2.409657431
Ga3Nb9,-0.761014106
Ga3Nb9,1.95899909
In3Nb9,-2.546810016
Rh3V9,-2.269303154
In3Nb9,-2.358117573
Hg3Nb9,-2.776443483
Al3Nb9,-1.915377745
V9W3,-3.251542273
Hg3Nb9,-2.59510927
Al3Nb9,-0.712391172
Nb9Sn3,-2.474790191
Nb9Sn3,-2.23887035
Nb9Sn3,-0.768717785
V9W3,-1.03892016
Nb9Sn3,3.211889436
V9W3,-1.077441275
Tc3V9,-3.160346993
Ir3V9,-2.832768871
Ir3V9,-2.698157284
Os3V9,-2.873635472
Ni3V9,-2.903493027
Ni3V9,-2.704052223
In3V9,-2.547202405
In3V9,-2.528210219
Tl3V9,-2.521877042
Pb3V9,-2.38521671
Pb3V9,3.814436007
Ni3V9,-2.283476475
Pb3V9,-2.307167386
Pb3V9,-0.660025721
Sn3V9,-2.409492938
Sn3V9,-2.287420221
Ag3V9,-3.021582949
La3V9,-2.671366316
Pt3V9,-2.894807561
Pd3V9,-2.98460091
Pd3V9,-2.870804535